"Report Category","Name ---------------------------------------------","LEA Code","Superintendent -------------------","Mailing Or Physical Address --------","City ---------------------","Zip ------------","Telephone ---------","Fax -------------------","E-Mail Address ---------------------------","SBE Dist ----------","Type Description --------------------------------------------------------------","Date Superintendent Name/E-mail AddressRecord Was Added Or Changed"
"D) Laboratory Schools","Aggie Academy","41Z"," Janel Harris-Hamiel","2207-B E. Cone Blvd","Greensboro","27405","(336) 398-5370","-","jnharri3@ncat.edu","Piedmont Triad","Laboratory School","08-23-2022 01:15:42 PM"
"A) Regular Local/Local/Supervisory Union/Specialized","Alamance-Burlington Schools","010","Dr Dain Butler","1712 Vaughn Road","Burlington","27217-2916","(336) 570-6060","(336) 570-6218","dain_butler@abss.k12.nc.us","Piedmont Triad","Regular local school district","07-26-2022 10:59:12 AM"
"A) Regular Local/Local/Supervisory Union/Specialized","Alexander County Schools","020","Dr Jennifer F Hefner   ","700 Liledoun Road","Taylorsville","28681","(828) 632-7001","(828) 632-8862","jhefner@alexander.k12.nc.us","Northwest","Regular local school district","08-07-2014 02:15:38 PM"
"A) Regular Local/Local/Supervisory Union/Specialized","Alleghany County Schools","030","Dr Chad S Beasley","85 Peachtree Street","Sparta","28675-9210","(336) 372-4345","(336) 372-4204","chad.beasley@alleghany.k12.nc.us","Northwest","Regular local school district","07-14-2022 03:12:41 PM"
"A) Regular Local/Local/Supervisory Union/Specialized","Anson County Schools","040","Mr Howard E McLean","320 Camden Road","Wadesboro","28170","(704) 694-4417","(704) 694-7479","mclean.howard@anson.k12.nc.us","Southwest","Regular local school district","06-11-2020 11:19:19 AM"
"D) Laboratory Schools","Appalachian State U Academy Middle Fork","34Z","Mr Sean Gaillard","3125 Williston Rd","Walkertown","27051","(336) 748-4090","(336) 727-2942","gaillardsm@appstate.edu","Piedmont Triad","Laboratory School","07-05-2022 01:19:05 PM"
"D) Laboratory Schools","Appalachian State Univ Academy at Elkin","86Z","Mrs Emma Hatfield-Sidden","195 Old Virginia Rd","Elkin","28621","-","-","hatfieldsiddenee@appstate.edu","Piedmont Triad","Laboratory School","07-05-2022 01:15:35 PM"
"A) Regular Local/Local/Supervisory Union/Specialized","Ashe County Schools","050","Dr Eisa Cox","PO Box 604","Jefferson","28640-0604","(336) 246-7175","(336) 246-7609","eisa.cox@ashe.k12.nc.us","Northwest","Regular local school district","06-28-2022 11:35:36 AM"
"A) Regular Local/Local/Supervisory Union/Specialized","Asheboro City Schools","761","Dr Aaron Woody","PO Box 1103","Asheboro","27204-1103","(336) 625-5104","(336) 625-9238","awoody@asheboro.k12.nc.us","Piedmont Triad","Regular local school district","07-22-2019 11:02:44 AM"
"A) Regular Local/Local/Supervisory Union/Specialized","Asheville City Schools","111","Dr James Causby","PO Box 7347","Asheville","28802-7347","(828) 350-7000","(828) 255-5131","james.causby@acsgmail.net","Western","Regular local school district","02-23-2023 08:12:41 AM"
"A) Regular Local/Local/Supervisory Union/Specialized","Avery County Schools","060","Dr Dan Brigman","775 Cranberry Street","Newland","28657-1360","(828) 733-6006","(828) 733-8943","danbrigman@averyschools.net","Northwest","Regular local school district","01-06-2020 03:47:04 PM"
"A) Regular Local/Local/Supervisory Union/Specialized","Beaufort County Schools","070","Dr Matthew Cheeseman","321 Smaw Road","Washington","27889-3937","(252) 946-6593","(252) 946-3255","mcheeseman@beaufort.k12.nc.us","Northeast","Regular local school district","07-19-2022 10:04:00 AM"
"A) Regular Local/Local/Supervisory Union/Specialized","Bertie County Schools","080","Dr Otis Smallwood","PO Box 10","Windsor","27983-0010","(252) 794-6025","(252) 794-9727","osmallwood@bertie.k12.nc.us","Northeast","Regular local school district","07-24-2019 01:20:39 PM"
"A) Regular Local/Local/Supervisory Union/Specialized","Bladen County Schools","090","Dr Jason B Atkinson","PO Box 37","Elizabethtown","28337-0037","(910) 862-4136","(855) 860-6162","jbatkinson@bladen.k12.nc.us","Sandhills","Regular local school district","02-11-2021 09:48:41 AM"
"A) Regular Local/Local/Supervisory Union/Specialized","Brunswick County Schools","100","Mr Les   Tubb","35 Referendum Drive","Bolivia","28422","(910) 406-5100","(866) 293-0649","ltubb@bcswan.net","Southeast","Regular local school district","02-23-2023 08:04:46 AM"
"A) Regular Local/Local/Supervisory Union/Specialized","Buncombe County Schools","110","Dr Rob Jackson","175 Bingham Road","Asheville","28806-3800","(828) 232-4160","(828) 255-5923","robert.jackson@bcsemail.org","Western","Regular local school district","10-28-2022 08:10:19 AM"
"A) Regular Local/Local/Supervisory Union/Specialized","Burke County Schools","120","Dr Michael Swan","PO Drawer 989","Morganton","28680-0989","(828) 439-4311","(828) 439-4314","mswan@burke.k12.nc.us","Northwest","Regular local school district","06-21-2021 12:14:38 PM"
"A) Regular Local/Local/Supervisory Union/Specialized","Cabarrus County Schools","130","Dr John Kopicki","PO Box 388","Concord","28026-0388","(704) 260-5600","(704) 260-5799","john.kopicki@cabarrus.k12.nc.us","Southwest","Regular local school district","08-15-2021 11:14:44 AM"
"A) Regular Local/Local/Supervisory Union/Specialized","Caldwell County Schools","140","Dr Don Phipps","1914 Hickory Boulevard SW","Lenoir","28645","(828) 728-8407","(828) 728-0012","dphipps@caldwellschools.com","Northwest","Regular local school district","07-09-2018 07:13:41 AM"
"A) Regular Local/Local/Supervisory Union/Specialized","Camden County Schools","150","Dr Travis W Twiford","174 NC Hwy 343 N","Camden","27921-9614","(252) 335-0831","(252) 331-2300","jferrell@camden.k12.nc.us","Northeast","Regular local school district","02-13-2023 04:56:42 PM"
"C) Federal Schools","Camp Lejeune","679","Mr Todd Curkendall","855 Stone St","Camp Lejeune","28547","(910) 451-2461","(910) 451-2200","DoDEAAmericasSuptLJ@am.dodea.edu","Sandhills","Federal agency providing instruction to school age children","06-01-2018 01:26:39 PM"
"D) Laboratory Schools","Carolina Community Academy","73Z"," Amy Richardson","260 Henderson Rd","Roxboro","27573","(919) 962-9378","-","amyrich@unc.edu","North Central","Laboratory School","08-24-2022 01:43:34 PM"
"A) Regular Local/Local/Supervisory Union/Specialized","Carteret County Public Schools","160","Mr Richard Paylor","107 Safrit Drive","Beaufort","28516-9017","(252) 728-4583","(252) 728-3028","richard.paylor@carteretk12.org","Southeast","Regular local school district","10-07-2022 09:34:41 AM"
"A) Regular Local/Local/Supervisory Union/Specialized","Caswell County Schools","170","Dr Sandra  Carter ","PO Box 160","Yanceyville","27379-0160","(336) 694-4116","(336) 694-5154","sandra.carter@caswell.k12.nc.us","Piedmont Triad","Regular local school district","01-04-2017 09:18:36 AM"
"D) Laboratory Schools","Catamount School","50Z","Mrs Angela Lunsford","100 Smoky Mountain Dr","Sylva","28779-5600","(828) 331-1775","(828) 586-2374","alunsford@wcu.edu","Western","Laboratory School","08-09-2021 03:23:44 PM"
"A) Regular Local/Local/Supervisory Union/Specialized","Catawba County Schools","180","Dr Matthew Stover","PO Box 1010","Newton","28658-1000","(828) 464-8333","(828) 464-0925","matt_stover@catawbaschools.net","Northwest","Regular local school district","10-20-2016 07:54:45 AM"
"A) Regular Local/Local/Supervisory Union/Specialized","Chapel Hill-Carrboro City Schools","681","Dr Nyah Hamlett","750 S Merritt Mill Rd","Chapel Hill","27516-2878","(919) 967-8211","(919) 933-4560","nyahhamlett@chccs.k12.nc.us","North Central","Regular local school district","01-05-2021 12:22:06 PM"
"A) Regular Local/Local/Supervisory Union/Specialized","Charlotte-Mecklenburg Schools","600","Dr Crystal Hill  (interim)","PO Box 30035, ","Charlotte","28230-0035","(980) 343-6270","(980) 343-7135","superintendent@cms.k12.nc.us","Southwest","Regular local school district","01-02-2023 09:59:27 AM"
"A) Regular Local/Local/Supervisory Union/Specialized","Chatham County Schools","190","Dr Anthony D Jackson","PO Box 128","Pittsboro","27312-0128","(919) 542-3626","(919) 542-1980","ajackson@chatham.k12.nc.us","North Central","Regular local school district","07-06-2021 08:47:21 AM"
"C) Federal Schools","Cherokee Central Schools","209","Dr Michael Murray","PO Box 134","Cherokee","28719-0134","(828) 554-5001","(828) 554-5010","mike.murray@ccs-nc.org","Western","Federal agency providing instruction to school age children","05-30-2018 09:11:21 AM"
"A) Regular Local/Local/Supervisory Union/Specialized","Cherokee County Schools","200","Dr Keevin G. Woody","911 Andrews Road","Murphy","28906-3501","(828) 837-2722","(828) 837-5799","keevin.woody@cherokee.k12.nc.us","Western","Regular local school district","10-31-2022 08:14:35 AM"
"A) Regular Local/Local/Supervisory Union/Specialized","Clay County Schools","220","Mr Thomas Dale Cole","154 Yellow Jacket Drive","Hayesville","28904","(828) 389-8513","(828) 389-3437","dcole@clayschools.org","Western","Regular local school district","11-01-2019 02:47:20 PM"
"A) Regular Local/Local/Supervisory Union/Specialized","Cleveland County Schools","230","Dr Stephen Fisher","400 West Marion Street","Shelby","28150","(704) 476-8000","(704) 476-8300","SRFisher@clevelandcountyschools.org","Southwest","Regular local school district","07-14-2014 10:22:54 AM"
"A) Regular Local/Local/Supervisory Union/Specialized","Clinton City Schools","821","Dr Wesley Johnson","300 Westover Rd","Clinton","28328-4118","(910) 592-3132","(910) 592-2011","wjohnson@clinton.k12.nc.us","Sandhills","Regular local school district","09-28-2018 04:40:09 PM"
"A) Regular Local/Local/Supervisory Union/Specialized","Columbus County Schools","240","Dr Deanne Meadows","2586 James B. White Hwy North, Building A","Whiteville","28472-0729","(910) 642-5168","(910) 640-1010","deannemeadows@columbus.k12.nc.us","Sandhills","Regular local school district","07-01-2019 01:18:06 PM"
"A) Regular Local/Local/Supervisory Union/Specialized","Craven County Schools","250"," Dr. Wendy  A Miller","3600 Trent Road","New Bern","28562-2224","(252) 514-6300","(252) 514-6351","wendy.miller@cravenk12.org","Southeast","Regular local school district","02-03-2023 06:49:33 AM"
"A) Regular Local/Local/Supervisory Union/Specialized","Cumberland County Schools","260","Dr Marvin Connelly Jr","PO Box 2357","Fayetteville","28302-2357","(910) 678-2300","(910) 678-2339","marvinconnelly@ccs.k12.nc.us","Sandhills","Regular local school district","07-02-2018 08:49:16 AM"
"A) Regular Local/Local/Supervisory Union/Specialized","Currituck County Schools","270","Dr Matthew Lutz","2958 Caratoke Hwy","Currituck","27929","(252) 232-2223","(252) 232-3655","mlutz@currituck.k12.nc.us","Northeast","Regular local school district","07-02-2020 09:59:30 AM"
"D) Laboratory Schools","D.C. Virgo Preparatory Academy","65Z","Ms Sabrina Hill-Black","813 Nixon Street","Wilmington","28401","(910) 251-6150","(910) 251-6055","blacksh@uncw.edu","Southeast","Laboratory School","07-30-2018 01:51:40 PM"
"B) State Schools","DPS Education Services (fka Div Prisons)","996","Dr Julie Jailall","4264 MSC, ","Raleigh","27699-4264","(984) 204-2412","-","julie.jailall@ncdps.gov","North Central","State agency providing instruction to school age children","02-02-2021 04:19:46 PM"
"A) Regular Local/Local/Supervisory Union/Specialized","Dare County Schools","280","Mr Steve Basnight","PO Box 1508","Nags Head","27959-1508","(252) 480-8888","(252) 480-8885","basnightst@daretolearn.org","Northeast","Regular local school district","12-02-2022 03:52:33 PM"
"A) Regular Local/Local/Supervisory Union/Specialized","Davidson County Schools","290","Dr Emily W Lipe","PO Box 2057","Lexington","27293-2057","(336) 249-8181","(336) 249-1062","elipe@davidson.k12.nc.us","Piedmont Triad","Regular local school district","07-27-2017 03:38:34 PM"
"A) Regular Local/Local/Supervisory Union/Specialized","Davie County Schools","300","Mr Jeff Wallace","220 Cherry St","Mocksville","27028-2206","(336) 751-5921","(336) 751-9013","wallacej@davie.k12.nc.us","Piedmont Triad","Regular local school district","05-16-2019 08:04:03 AM"
"B) State Schools","Deaf and Blind Schools","298","-","2303 Mail Service Center","Raleigh","27699-2303","(984) 292-3005","(919) 715-2206","-","North Central","State agency providing instruction to school age children","02-02-2022 11:54:16 AM"
"A) Regular Local/Local/Supervisory Union/Specialized","Duplin County Schools","310","Dr Austin Obasohan","PO Box 128","Kenansville","28349-0128","(910) 296-1521","(910) 296-1396","aobasohan@duplinschools.net","Southeast","Regular local school district","09-23-2010 12:04:15 PM"
"A) Regular Local/Local/Supervisory Union/Specialized","Durham Public Schools","320","Dr Pascal Mubenga","PO Box 30002","Durham","27702-3002","(919) 560-3749","(919) 560-2422","pascal_mubenga@dpsnc.net","North Central","Regular local school district","07-21-2020 11:36:15 AM"
"D) Laboratory Schools","East Carolina Community School","74Z","Ms Tracy L Cole","811 Howell St","Greenville","27834","(252) 737-5600","(252) 328-0105","colet18@ecu.edu","Northeast","Laboratory School","07-11-2018 01:30:11 PM"
"A) Regular Local/Local/Supervisory Union/Specialized","Edenton-Chowan Schools","210","Dr Michael Sasscer","PO Box 206","Edenton","27932-0206","(252) 482-4436","(252) 482-7309","msasscer@ecps.k12.nc.us","Northeast","Regular local school district","08-05-2020 03:38:13 PM"
"A) Regular Local/Local/Supervisory Union/Specialized","Edgecombe County Public Schools","330","Dr Valerie H. Bridges","PO Box 7128","Tarboro","27886-7128","(252) 641-2600","(252) 641-5714","vbridges@ecps.us","North Central","Regular local school district","07-13-2021 03:41:53 PM"
"A) Regular Local/Local/Supervisory Union/Specialized","Elizabeth City-Pasquotank Public Schools","700","Dr Keith Parker","PO Box 2247","Elizabeth City","27906-2247","(252) 335-2981","(252) 335-0974","kparker@ecpps.k12.nc.us","Northeast","Regular local school district","07-01-2022 08:26:02 AM"
"A) Regular Local/Local/Supervisory Union/Specialized","Elkin City Schools","861","Dr Myra Cox","202 West Spring St","Elkin","28621-3449","(336) 835-3135","(336) 835-3376","coxm@elkin.k12.nc.us","Piedmont Triad","Regular local school district","11-30-2016 02:50:28 PM"
"C) Federal Schools","Fort Bragg","269","Dr Renee Butler","PO Box 70089","Fort Bragg","28307-0089","(910) 907-0200","(910) 907-1405","DoDEAAmericasSuptBG/CU@am.dodea.edu","Sandhills","Federal agency providing instruction to school age children","06-01-2018 01:21:50 PM"
"A) Regular Local/Local/Supervisory Union/Specialized","Franklin County Schools","350","Dr Rhonda Schuhler","53 West River Road","Louisburg","27549","(919) 496-2600","(919) 496-2104","rhondaschuhler@fcschools.net","North Central","Regular local school district","11-28-2017 02:05:05 PM"
"A) Regular Local/Local/Supervisory Union/Specialized","Gaston County Schools","360","Dr W Jeffrey Booker","PO Box 1397","Gastonia","28053-1397","(704) 866-6100","(704) 866-6321","jbooker@gaston.k12.nc.us","Southwest","Regular local school district","07-23-2019 05:51:41 PM"
"A) Regular Local/Local/Supervisory Union/Specialized","Gates County Schools","370","Dr Phillip Barry Williams","PO Box 125","Gatesville","27938-0125","(252) 357-1113","(252) 357-0207","williamsb@gatescountyschools.net","Northeast","Regular local school district","01-04-2012 03:21:42 PM"
"F) Other","Governor’s Teacher Network","486"," Theresa Perry","6330 Mail Service Center","Raleigh","27699-6330","(919) 807-3427","(919) 807-3362","theresa.perry@dpi.nc.gov","North Central","Other education agencies","08-14-2014 02:01:57 PM"
"A) Regular Local/Local/Supervisory Union/Specialized","Graham County Schools","380","Mrs Angela Knight","52 Moose Branch Road","Robbinsville","28771","(828) 479-9820","(828) 479-9844","aknight@graham.k12.nc.us","Western","Regular local school district","07-01-2013 02:03:45 PM"
"A) Regular Local/Local/Supervisory Union/Specialized","Granville County Schools","390","Dr Alisa McLean","PO Box 927","Oxford","27565-0927","(919) 693-4613","(919) 693-7391","mcleana@gcs.k12.nc.us","North Central","Regular local school district","07-18-2017 08:09:13 AM"
"A) Regular Local/Local/Supervisory Union/Specialized","Greene County Schools","400","Dr Frank Creech","301 Kingold Boulevard","Snow Hill","28580-1393","(252) 747-3425","(252) 747-5942","frankcreech@greene.k12.nc.us","Southeast","Regular local school district","07-01-2022 09:25:35 AM"
"A) Regular Local/Local/Supervisory Union/Specialized","Guilford County Schools","410","Dr Whitney Oakley","PO Box 880","Greensboro","27402-0880","(336) 370-8100","(336) 370-8299","oakleyw@gcsnc.com","Piedmont Triad","Regular local school district","08-08-2022 09:51:57 AM"
"A) Regular Local/Local/Supervisory Union/Specialized","Halifax County Schools","420","Dr Eric Cunningham","PO Box 468","Halifax","27839-0468","(252) 583-5111","(252) 583-1474","cunninghame@halifax.k12.nc.us","Northeast","Regular local school district","07-05-2016 09:47:36 AM"
"A) Regular Local/Local/Supervisory Union/Specialized","Harnett County Schools","430","Dr Aaron Fleming","PO Box 1029","Lillington","27546-1029","(910) 893-8151","(910) 893-4279","afleming@harnett.k12.nc.us","North Central","Regular local school district","06-01-2018 10:24:48 AM"
"A) Regular Local/Local/Supervisory Union/Specialized","Haywood County Schools","440","Dr Trevor Putnam","1233 North Main St","Waynesville","28786-3461","(828) 456-2400","(828) 454-9227","superintendent@haywood.k12.nc.us","Western","Regular local school district","11-01-2022 10:33:56 AM"
"A) Regular Local/Local/Supervisory Union/Specialized","Henderson County Schools","450","Mr Mark R. Garrett","414 4th Ave West","Hendersonville","28739-4261","(828) 697-4733","(828) 697-5541","mrgarrett@hcpsnc.org","Western","Regular local school district","07-20-2022 04:38:29 PM"
"A) Regular Local/Local/Supervisory Union/Specialized","Hertford County Schools","460","Dr Jesse J Pratt III","PO Box 158","Winton","27986-0158","(252) 358-1761","(252) 358-4745","jpratt@hertford.k12.nc.us","Northeast","Regular local school district","01-03-2023 09:20:36 AM"
"A) Regular Local/Local/Supervisory Union/Specialized","Hickory City Schools","181","Dr Bryan   Taylor EdD","432 4th Avenue SW","Hickory","28602-2805","(828) 322-2855","(828) 322-1834","taylorbr@hickoryschools.net","Northwest","Regular local school district","07-07-2021 10:48:45 AM"
"A) Regular Local/Local/Supervisory Union/Specialized","Hoke County Schools","470","Dr Shannon Register","PO Box 370","Raeford","28376-0370","(910) 875-4106","(910) 875-3362","sregister@hcs.k12.nc.us","Sandhills","Regular local school district","02-14-2023 03:39:09 PM"
"A) Regular Local/Local/Supervisory Union/Specialized","Hyde County Schools","480","Dr Melanie Shaver","PO Box 217","Swan Quarter","27885-0217","(252) 926-3281","(252) 926-3083","mshaver@hyde.k12.nc.us","Northeast","Regular local school district","07-01-2022 09:05:41 AM"
"A) Regular Local/Local/Supervisory Union/Specialized","Iredell-Statesville Schools","490","Dr Jeff James","PO Box 911","Statesville","28687-0911","(704) 872-8931","(704) 871-2834","jeff_james@iss.k12.nc.us","Southwest","Regular local school district","07-07-2020 09:21:53 AM"
"A) Regular Local/Local/Supervisory Union/Specialized","Jackson County Public Schools","500","Dr Dana Ayers","398 Hospital Road","Sylva","28779-5196","(828) 586-2311","(828) 586-5450","dayers@jcpsmail.org","Western","Regular local school district","06-07-2021 10:13:41 AM"
"A) Regular Local/Local/Supervisory Union/Specialized","Johnston County Public Schools","510","Dr Eric Bracy","PO Box 1336","Smithfield","27577-1336","(919) 934-6031","(919) 934-6035","ericbracy@johnston.k12.nc.us","North Central","Regular local school district","07-07-2020 01:13:56 PM"
"A) Regular Local/Local/Supervisory Union/Specialized","Jones County Schools","520","Dr Ben Thigpen","320 West Jones Street","Trenton","28585-0187","(252) 448-2531","(252) 448-1394","ben.thigpen@jonesnc.net","Southeast","Regular local school district","01-03-2020 12:33:44 PM"
"A) Regular Local/Local/Supervisory Union/Specialized","Kannapolis City Schools","132","Mr Kevin Garay","100 Denver Street","Kannapolis","28083","(704) 938-1131","(704) 938-1137","kevin.garay@kcs.k12.nc.us","Southwest","Regular local school district","09-02-2021 09:56:24 AM"
"A) Regular Local/Local/Supervisory Union/Specialized","Lee County Schools","530","Dr Andrew N Bryan II","PO Box 1010","Sanford","27331-1010","(919) 774-6226","(919) 776-0443","abryan@lee.k12.nc.us","North Central","Regular local school district","07-03-2013 08:48:37 AM"
"A) Regular Local/Local/Supervisory Union/Specialized","Lenoir County Public Schools","540"," M Brent Williams","PO Box 729","Kinston","28502-0729","(252) 527-1109","(252) 527-6884","bwilliams@lenoir.k12.nc.us","Southeast","Regular local school district","04-11-2017 08:46:00 AM"
"A) Regular Local/Local/Supervisory Union/Specialized","Lexington City Schools","291","Dr Anitra Wells","1010 Fair Street","Lexington","27292","(336) 242-1527","(336) 249-3206","awells@lexcs.org","Piedmont Triad","Regular local school district","08-30-2018 04:28:38 PM"
"A) Regular Local/Local/Supervisory Union/Specialized","Lincoln County Schools","550","Dr Aaron Allen","PO Box 400","Lincolnton","28093-0400","(704) 732-2261","(704) 736-4280","aallen@lincoln.k12.nc.us","Southwest","Regular local school district","10-02-2020 11:38:51 AM"
"A) Regular Local/Local/Supervisory Union/Specialized","Macon County Schools","560","Dr Chris R Baldwin","1202 Old Murphy Road","Franklin","28734","(828) 524-3314","(828) 524-5938","chris.baldwin@macon.k12.nc.us","Western","Regular local school district","07-10-2013 02:48:58 PM"
"A) Regular Local/Local/Supervisory Union/Specialized","Madison County Schools","570","Dr Will  Hoffman","5738 US 25-70 Hwy","Marshall","28753","(828) 649-9276","(828) 649-9334","whoffman@madisonk12.net","Western","Regular local school district","07-02-2018 09:22:19 AM"
"A) Regular Local/Local/Supervisory Union/Specialized","Martin County Schools","580","Dr Thomas Daly III","300 N Watts Street","Williamston","27892-2099","(252) 792-1575","(252) 792-1965","tdaly@martin.k12.nc.us","Northeast","Regular local school district","07-01-2022 10:06:21 AM"
"A) Regular Local/Local/Supervisory Union/Specialized","McDowell County Schools","590","Mr Brian T Oliver","PO Box 130","Marion","28752-0130","(828) 652-4535","(828) 659-2238","brian.oliver@mcdowell.k12.nc.us","Northwest","Regular local school district","02-27-2023 11:17:12 AM"
"A) Regular Local/Local/Supervisory Union/Specialized","Mitchell County Schools","610","Mr Chad Calhoun","72 Ledger School Rd","Bakersville","28705-9533","(828) 766-2220","(828) 766-2221","chadcalhoun@mcsnc.org","Northwest","Regular local school district","07-06-2016 09:29:17 AM"
"A) Regular Local/Local/Supervisory Union/Specialized","Montgomery County Schools","620","Dr Dale Ellis","PO Box 427","Troy","27371-0427","(910) 576-6511","(910) 576-2044","dale.ellis@montgomery.k12.nc.us","Sandhills","Regular local school district","10-13-2010 04:42:09 PM"
"A) Regular Local/Local/Supervisory Union/Specialized","Moore County Schools","630","Dr Tim Locklair","PO Box 1180","Carthage","28327-1180","(910) 947-2976","(910) 947-3011","tlocklair@ncmcs.org","Sandhills","Regular local school district","03-03-2022 03:25:23 PM"
"A) Regular Local/Local/Supervisory Union/Specialized","Mooresville Graded School District","491","Dr Jason Gardner","305 N Main St","Mooresville","28115-2453","(704) 658-2530","(704) 663-3005","jgardner@mgsd.k12.nc.us","Southwest","Regular local school district","08-02-2022 09:53:18 AM"
"D) Laboratory Schools","Moss Street Partnership School","79Z","Ms Catina  Chestnut","419 Moss Street","Reidsville","27320","(336) 349-5370","-","cschestn@uncg.edu","Piedmont Triad","Laboratory School","10-16-2020 11:10:21 AM"
"A) Regular Local/Local/Supervisory Union/Specialized","Mount Airy City Schools","862","Dr Kim Morrison","PO Drawer 710","Mount Airy","27030-0710","(336) 786-8355","(336) 786-7553","kmorrison@mtairy.k12.nc.us","Piedmont Triad","Regular local school district","07-05-2016 03:24:47 PM"
"B) State Schools","NC Health and Human Services","997","Mrs Kimberly D Kennedy","3006 Mail Service Center","Raleigh","27699-3006","(919) 855-4713","(919) 508-0955","kim.kennedy@dhhs.nc.gov","North Central","State agency providing instruction to school age children","03-28-2022 03:47:37 PM"
"F) Other","NC Virtual Public School","299","Dr Mia Murphy","1017 Main Campus Dr, Partners 1 Bldg Suite 3900","Raleigh","27606","(919) 513-8550","(919) 513-2557","mia.murphy@ncpublicschools.gov","North Central","Other education agencies","07-08-2022 09:52:07 AM"
"B) State Schools","NCDPS Juvenile Education Services","998"," Adam Johnson","4212 Mail Service Center","Raleigh","27699-4212","(919) 324-6420","(919) 715-2505","adam.johnson@ncdps.gov","North Central","State agency providing instruction to school age children","06-12-2017 04:01:26 PM"
"A) Regular Local/Local/Supervisory Union/Specialized","Nash County Public Schools","640","Dr Steven Ellis","930 Eastern Avenue","Nashville","27856-1716","(252) 459-5220","(252) 459-6404","sjellis@ncpschools.net","North Central","Regular local school district","07-02-2020 09:42:18 AM"
"A) Regular Local/Local/Supervisory Union/Specialized","New Hanover County Schools","650","Dr Charles Foust","6410 Carolina Beach Road","Wilmington","28412","(910) 254-4200","(910) 254-4226","charles.foust@nhcs.net","Southeast","Regular local school district","09-04-2020 04:47:54 PM"
"A) Regular Local/Local/Supervisory Union/Specialized","Newton Conover City Schools","182","Dr Aron Gabriel","605 North Ashe Avenue","Newton","28658-3120","(828) 464-3191","(828) 466-0063","aron.gabriel@n-ccs.org","Northwest","Regular local school district","08-11-2018 03:25:58 AM"
"D) Laboratory Schools","Niner University Elementary School","60Z"," Pamela Tanner Broome","2414 Lester Street","Charlotte","28208","(980) 343-0733","(980) 343-0734","pamela.broome@uncc.edu","Southwest","Laboratory School","05-12-2020 05:34:02 PM"
"A) Regular Local/Local/Supervisory Union/Specialized","Northampton County Schools","660","Dr Rosa S Atkins","PO Box 158","Jackson","27845-0158","(252) 534-1371","(252) 534-4631","atkinsr@northampton.k12.nc.us","Northeast","Regular local school district","02-10-2023 10:40:29 AM"
"E) RESAs","Northeast Regional School - Biotech/Agri","94Z","Mr Billy Ray Askew","1215 Saint Andrews St","Jamesville","27846","(252) 792-0241","(252) 792-0245","baskew@neregionalschool.org","Northeast","Regional education service agency","09-02-2022 11:11:09 AM"
"A) Regular Local/Local/Supervisory Union/Specialized","Onslow County Schools","670","Dr Barry Collins","PO Box 99","Jacksonville","28541-0099","(910) 455-2211","(910) 455-3027","barry.collins@onslow.k12.nc.us","Southeast","Regular local school district","02-27-2019 08:22:49 AM"
"A) Regular Local/Local/Supervisory Union/Specialized","Orange County Schools","680","Dr Monique Felder","200 E King St","Hillsborough","27278-2570","(919) 732-8126","(919) 732-8120","monique.felder@orange.k12.nc.us","North Central","Regular local school district","11-05-2019 10:02:21 AM"
"A) Regular Local/Local/Supervisory Union/Specialized","Pamlico County Schools","690","Ms Lisa F Jackson","507 Anderson Drive","Bayboro","28515-9799","(252) 745-4171","(252) 745-4172","lisajackson@pamlicoschools.org","Southeast","Regular local school district","07-07-2015 10:48:14 AM"
"A) Regular Local/Local/Supervisory Union/Specialized","Pender County Schools","710","Dr William Breedlove","925 Penderlea Hwy","Burgaw","28425","(910) 259-2187","(910) 259-0133","william_breedlove@pender.k12.nc.us","Southeast","Regular local school district","01-05-2023 08:51:32 AM"
"A) Regular Local/Local/Supervisory Union/Specialized","Perquimans County Schools","720","Dr Tanya H Turner","PO Box 337","Hertford","27944-0337","(252) 426-5741","(252) 426-4913","tanyaturner@pqschools.org","Northeast","Regular local school district","07-05-2022 01:56:40 PM"
"A) Regular Local/Local/Supervisory Union/Specialized","Person County Schools","730","Dr Rodney Peterson","304 S Morgan St Rm 25","Roxboro","27573-5245","(336) 599-2191","(336) 599-2194","petersonr@person.k12.nc.us","North Central","Regular local school district","06-15-2017 12:51:35 PM"
"A) Regular Local/Local/Supervisory Union/Specialized","Pitt County Schools","740","Dr Ethan Lenker","1717 W 5th Street","Greenville","27834-1698","(252) 830-4200","-","lenkere@pitt.k12.nc.us","Northeast","Regular local school district","07-29-2013 07:46:27 AM"
"A) Regular Local/Local/Supervisory Union/Specialized","Polk County Schools","750","Mr Aaron Greene","PO Box 638","Columbus","28722-0638","(828) 894-3051","(828) 894-8153","agreene@polkschools.org","Western","Regular local school district","08-12-2016 03:13:26 PM"
"A) Regular Local/Local/Supervisory Union/Specialized","Public Schools of Robeson County","780","Dr Freddie Williamson","PO Drawer 2909","Lumberton","28359-2909","(910) 671-6000","(910) 370-9510","freddie.williamson@robeson.k12.nc.us","Sandhills","Regular local school district","12-15-2020 09:00:22 AM"
"A) Regular Local/Local/Supervisory Union/Specialized","Randolph County School System","760","Dr Stephen Gainey","2222-C S Fayetteville Street","Asheboro","27205-7379","(336) 633-5000","(336) 633-5105","sgainey@randolph.k12.nc.us","Piedmont Triad","Regular local school district","07-29-2013 09:41:43 AM"
"A) Regular Local/Local/Supervisory Union/Specialized","Richmond County Schools","770","Dr Joe Ferrell","PO Drawer 1259","Hamlet","28345-1259","(910) 582-5860","(910) 582-7921","joeferrell@richmond.k12.nc.us","Sandhills","Regular local school district","02-09-2023 01:11:10 PM"
"A) Regular Local/Local/Supervisory Union/Specialized","Roanoke Rapids City Schools","421"," Juliana   Thompson","536 Hamilton St","Roanoke Rapids","27870-9990","(252) 519-7100","(252) 519-7195","thompsonji.co@rrgsd.org","Northeast","Regular local school district","09-22-2021 07:45:23 AM"
"A) Regular Local/Local/Supervisory Union/Specialized","Rockingham County Schools","790","Mr John O Stover III","511 Harrington Hwy","Eden","27288-7547","(336) 627-2600","(336) 627-2660","jstover@rock.k12.nc.us","Piedmont Triad","Regular local school district","07-05-2022 12:40:43 PM"
"A) Regular Local/Local/Supervisory Union/Specialized","Rowan-Salisbury Schools","800","Dr Kelly Withers","PO Box 2349","Salisbury","28145-2349","(704) 636-7500","(704) 630-6129","WithersKW@rss.k12.nc.us","Southwest","Regular local school district","09-26-2022 02:33:31 PM"
"A) Regular Local/Local/Supervisory Union/Specialized","Rutherford County Schools","810","Dr David Sutton","382 West Main Street","Forest City","28043-3027","(828) 288-2200","(828) 288-2490","dsutton@rcsnc.org","Western","Regular local school district","08-19-2019 08:59:57 AM"
"A) Regular Local/Local/Supervisory Union/Specialized","Sampson County Schools","820","Dr David R Goodin","437 Rowan Rd","Clinton","28328","(910) 592-1401","(910) 590-2445","dgoodin@sampson.k12.nc.us","Sandhills","Regular local school district","02-23-2021 01:32:55 PM"
"A) Regular Local/Local/Supervisory Union/Specialized","Scotland County Schools","830","Ms Barbara Adams","322 S Main St","Laurinburg","28352-3855","(910) 276-1138","(910) 277-4310","badams1@scotland.k12.nc.us","Sandhills","Regular local school district","03-10-2023 11:37:51 AM"
"A) Regular Local/Local/Supervisory Union/Specialized","Stanly County Schools","840","Dr Jarrod Dennis","1000-4 N First Street","Albemarle","28001","(704) 961-3000","(704) 961-3099","jarrod.dennis@stanlycountyschools.org","Southwest","Regular local school district","11-02-2020 08:17:29 AM"
"A) Regular Local/Local/Supervisory Union/Specialized","Stokes County Schools","850","Dr Brad Rice","PO Box 50","Danbury","27016-0050","(336) 593-8146","(336) 593-3441","brad.rice@stokes.k12.nc.us","Piedmont Triad","Regular local school district","07-02-2016 08:50:57 AM"
"A) Regular Local/Local/Supervisory Union/Specialized","Surry County Schools","860","Dr Travis L Reeves","PO Box 364","Dobson","27017-0364","(336) 386-8211","(336) 386-4279","reevest@surry.k12.nc.us","Piedmont Triad","Regular local school district","01-03-2013 02:52:27 PM"
"A) Regular Local/Local/Supervisory Union/Specialized","Swain County Schools","870","Mr John Mark Sale","PO Box 2340","Bryson City","28713-2340","(828) 488-3129","(828) 488-8510","msale@swainmail.org","Western","Regular local school district","06-11-2018 08:36:34 AM"
"A) Regular Local/Local/Supervisory Union/Specialized","Thomasville City Schools","292","Dr Chris Kennedy","400 Turner Street","Thomasville","27360-3129","(336) 474-4200","(336) 475-0356","kennedyc@tcs.k12.nc.us","Piedmont Triad","Regular local school district","07-26-2022 11:53:33 AM"
"A) Regular Local/Local/Supervisory Union/Specialized","Transylvania County Schools","880","Dr Jeffrey S McDaris","225 Rosenwald Ln","Brevard","28712-3239","(828) 884-6173","(828) 884-9524","jmcdaris@tcsnc.org","Western","Regular local school district","04-23-2010 03:15:41 PM"
"A) Regular Local/Local/Supervisory Union/Specialized","Tyrrell County Schools","890","Dr Karen Roseboro","1107 Hwy 64 E","Columbia","27925","(252) 796-1121","(252) 796-1492","kroseboro@tycomail.net","Northeast","Regular local school district","10-25-2022 04:35:44 PM"
"A) Regular Local/Local/Supervisory Union/Specialized","Union County Public Schools","900","Dr Andrew G. Houlihan","307 E. Jefferson Street","Monroe","28112","(704) 296-9898","(704) 289-9182","andrew.houlihan@ucps.k12.nc.us","Southwest","Regular local school district","09-14-2016 09:33:26 AM"
"A) Regular Local/Local/Supervisory Union/Specialized","Vance County Schools","910","Dr Cindy W. Bennett","PO Box 7001","Henderson","27536-7001","(252) 492-2127","(252) 438-6119","cbennett@vcs.k12.nc.us","North Central","Regular local school district","07-06-2021 10:14:50 AM"
"A) Regular Local/Local/Supervisory Union/Specialized","Wake County Schools","920","Mrs Catty Q Moore","5625 Dillard Drive","Cary","27518-9227","(919) 431-7400","(919) 694-7758","cqmoore@wcpss.net","North Central","Regular local school district","09-21-2022 10:01:23 AM"
"A) Regular Local/Local/Supervisory Union/Specialized","Warren County Schools","930","Mr Keith Sutton","PO Box 110","Warrenton","27589-0110","(252) 257-3184","(252) 257-5357","ksutton@warrenk12nc.org","North Central","Regular local school district","07-26-2021 08:22:52 AM"
"A) Regular Local/Local/Supervisory Union/Specialized","Washington County Schools","940","Dr Dr. Linda Jewell Carr","802 Washington St","Plymouth","27962","(252) 793-5171","(252) 793-5062","lcarr@wcsnc.org","Northeast","Regular local school district","08-10-2020 04:43:46 PM"
"A) Regular Local/Local/Supervisory Union/Specialized","Watauga County Schools","950","Dr Scott Elliott","175 Pioneer Trail","Boone","28607","(828) 264-7190","(828) 264-7196","elliotts@wataugaschools.org","Northwest","Regular local school district","08-01-2017 11:54:47 AM"
"A) Regular Local/Local/Supervisory Union/Specialized","Wayne County Public Schools","960","Dr David Lewis","PO Drawer 1797","Goldsboro","27533-1797","(919) 731-5900","(919) 705-6199","davidlewis@wcps.org","Southeast","Regular local school district","03-11-2021 04:59:04 PM"
"A) Regular Local/Local/Supervisory Union/Specialized","Weldon City Schools","422","Dr Dannie T Williams","301 Mulberry St","Weldon","27890","(252) 536-4821","(252) 536-3062","williamsdt@weldonk12.org","Northeast","Regular local school district","07-07-2022 04:34:27 PM"
"A) Regular Local/Local/Supervisory Union/Specialized","Whiteville City Schools","241","Dr Marc Whichard","107 W Walter Street","Whiteville","28472-4019","(910) 642-4116","(910) 642-0564","mwhichard@whiteville.k12.nc.us","Sandhills","Regular local school district","07-11-2019 10:54:56 AM"
"A) Regular Local/Local/Supervisory Union/Specialized","Wilkes County Schools","970","Mr Mark Byrd","613 Cherry St","North Wilkesboro","28659","(336) 667-1121","(336) 667-8526","byrdma@wilkes.k12.nc.us","Northwest","Regular local school district","08-09-2022 08:09:10 AM"
"A) Regular Local/Local/Supervisory Union/Specialized","Wilson County Schools","980","Dr Lane Mills","PO Box 2048","Wilson","27894-2048","(252) 399-7700","(252) 399-2776","Lane.mills@wilsonschoolsnc.net","North Central","Regular local school district","07-08-2016 09:39:24 AM"
"A) Regular Local/Local/Supervisory Union/Specialized","Winston Salem / Forsyth County Schools","340","Mrs Tricia McManus","PO Box 2513","Winston Salem","27102-2513","(336) 727-2292","(336) 661-3134","ttmcmanus@wsfcs.k12.nc.us","Piedmont Triad","Regular local school district","08-09-2022 04:49:59 PM"
"A) Regular Local/Local/Supervisory Union/Specialized","Yadkin County Schools","990","Dr Todd Martin","121 Washington St","Yadkinville","27055-9806","(336) 551-1100","(336) 679-4013","todd.martin@yadkin.k12.nc.us","Piedmont Triad","Regular local school district","10-22-2013 12:20:13 PM"
"A) Regular Local/Local/Supervisory Union/Specialized","Yancey County Schools","995","Mrs Kathy Amos","PO Box 190","Burnsville","28714-0190","(828) 682-6101","(828) 682-7110","kathyamos@yanceync.net","Northwest","Regular local school district","07-08-2019 03:00:41 PM"
