"name_clean","leaid1","years1","state1","leaid_name1","name_raw1","leaid2","years2","state2","leaid_name2","name_raw2"
"kerry schneider","510290","2007-2010","ar","Mulberry School District","SCHNEIDER, KERRY L.","504080","2016-2024","ar","Cedarville School District","SCHNEIDER, KERRY"
"lee smith","507860","2013-2014, 2016-2018","ar","Horatio School District","SMITH, LEE","509750","2020-2024","ar","Mena School District","Smith, Lee"
"radius baker","513380","2007-2012","ar","Valley View School District","BAKER, RADIUS H.","507990","2014, 2016","ar","Hoxie School District","Baker, Radius"
"barbara padgett","500391","2008","ar","Nwa Academy Of Fine Arts","PADGETT, BARBARA","500415","2017-2018","ar","Ozark Montessori Academy Springdale","Padgett, Barbara"
"andrea martin","502280","2013-2014","ar","Alpena School District","MARTIN, ANDREA","506930","2017-2024","ar","Greenland School District","MARTIN, ANDREA"
"barry scott","509600","2007-2014","ar","Mccrory School District","SCOTT, BARRY N.","505850","2016-2021, 2024","ar","England School District","Scott, Tyler"
"fatih bogrek","500399","2011-2013","ar","Lisa Academy North Charter","BOGREK, FATIH","500074","2017-2024","ar","Lisa Academy Charter","Bogrek, Fatih"
"jack robinson","512420","2007-2009","ar","Shirley School District","ROBINSON, JACK C.","514040","2010-2011","ar","West Side School District","ROBINSON, JACK C."
"lashawnda noel","500402","2019-2024","ar","Jacksonville Lighthouse Charter","Noel, LaShawnDa","500413","2019-2020","ar","Capitol City Lighthouse Academy","Noel, LaShawnDa"
"jeff harris","627510","2009-2012","ca","North Cow Creek Elementary","Jeff Harris","610770","2013-2022","ca","Del Norte County Unified","Jeff Harris"
"amanda platt","628830","2012, 2017-2021","ca","Orick Elem","Wendy Platt","606510","2020-2022","ca","Burnt Ranch Elementary","Amanda Platt"
"jennifer glueck","604890","2014-2017","ca","Big Lagoon Union Elementary","Jennifer Glueck","619950","2018-2019","ca","Klamath-Trinity Joint Unified","Jennifer Glueck"
"catherine scott","609665","2008-2009","ca","Leggett Valley Unified","Catherine Scott","637590","2010-2014","ca","Southern Humboldt Joint Unified","Catherine Scott"
"liz schott","636180","2008-2010","ca","Sebastopol Union Elementary","Liz Schott","619380","2011-2017","ca","Kentfield Elementary","Liz Schott"
"cindy bishop","632040","2021-2022","ca","Redding Elementary","Cindy Bishop","636570","2021-2022","ca","Shasta Union Elementary","Cindy Bishop"
"scott mahoney","641790","2008","ca","Waugh Elementary","Scott Mahoney","633660","2009","ca","Ross Elementary","Scott Mahoney"
"geoff yantz","612210","2008-2011","ca","El Segundo Unified","Geoff Yantz","637500","2012-2022","ca","South Pasadena Unf","Geoff Yantz"
"harley north","613170","2008","ca","Evergreen Union","Harley North","607680","2009-2010","ca","Cascade Union Elementary","Harley North"
"lisa carter","903600","2021, 2023","ct","Regional School District 01","ms. lisa carter","903000","2022","ct","North Canaan School District","ms. lisa carter"
"allen fossbender","901410","2007-2009","ct","Easton School District","allen j. fossbender","903780","2007-2009","ct","Regional School District 09","allen j. fossbender"
"joseph macary","905280","2009-2014","ct","Wolcott School District","joseph p. macary","904680","2015-2023","ct","Vernon School District","mr. joseph macary"
"christopher leone","903515","2017-2023","ct","Regional School District 06","mr. christopher leone","902220","2019-2023","ct","Litchfield School District","mr. christopher leone"
"mark winzler","900360","2007-2008","ct","Bolton School District","mark l. winzler","901680","2019","ct","Granby School District","mr. mark winzler"
"pamela vogel","902040","2018-2019","ct","Kent School District","dr. pamela vogel","903000","2018-2019","ct","North Canaan School District","dr. pamela vogel"
"paul gagliarducci","900390","2013","ct","Bozrah School District","mr. paul gagliarducci","904140","2022","ct","Somers School District","mr. paul gagliarducci"
"janet robinson","901110","2007","ct","Derby School District","janet robinson","902910","2008-2012","ct","Newtown School District","janet robinson"
"ruth levy","903630","2009-2018","ct","Regional School District 04","ruth i. levy","901500","2013-2015, 2017-2018","ct","Essex School District","dr. ruth levy"
"joseph burke","1201320","2010","fl","Monroe","BURKE, JOSEPH","1201080","2011-2012","fl","Lee","BURKE, JOSEPH"
"earl gent","1201500","2012-2014","fl","Palm Beach","GENT, EARL","1201770","2015-2021","fl","St. Lucie","GENT, EARL"
"michael grego","1201470","2010","fl","Osceola","GREGO, MICHAEL","1201560","2013-2020","fl","Pinellas","GREGO, MICHAEL"
"diana greene","1201230","2016-2017","fl","Manatee","GREENE, DIANA","1200480","2018-2019, 2022","fl","Duval","GREENE, DIANA"
"franklin perry","1305220","2007-2008","ga","Twiggs County","PERRY, FRANKLIN DENNIS","1303300","2017-2023","ga","Liberty County","FRANKLIN PERRY"
"jeffrey bearden","1304440","2013","ga","Rome City","JEFFREY BEARDEN","1302220","2014-2023","ga","Forsyth County","JEFFREY BEARDEN"
"thomas mccullough","1301080","1999-2000","ga","Chattooga County","MCCULLOUGH, THOMAS T.","1301920","2001-2002","ga","Early County","MCCULLOUGH, THOMAS T."
"john jackson","1302490","2001-2004","ga","Greene County","JACKSON, JOHN A.","1302190","2016-2017","ga","Floyd County","JOHN JACKSON"
"bryan dorsey","1302340","2011-2012","ga","Gilmer County","BRYAN DORSEY","1304560","2014-2018","ga","Stephens County","BRYAN DORSEY"
"orval porter","1302580","1999-2002","ga","Habersham County","PORTER, ORVAL F.","1301620","2003-2008","ga","Dalton City","PORTER, ORVAL"
"walter humphrey","1300540","2000-2001","ga","Brooks County","HUMPHREY, WALTER KEITH","1303240","2007-2016","ga","Lanier County","HUMPHREY, WALTER KEITH"
"charlotte pipkin","1303840","2004-2005","ga","Murray County","PIPKIN, CHARLOTTE H.","1300440","2009-2014","ga","Bleckley County","CHARLOTTE PIPKIN"
"franklin perry","1304620","2002-2004","ga","Sumter County","PERRY SR., FRANKLIN D","1305220","2007-2008","ga","Twiggs County","PERRY, FRANKLIN DENNIS"
"doug tuetken","1919200","2017-2018","ia","Midland Comm School District","Doug Tuetken","1920820","2019","ia","North Linn Comm School District","Doug Tuetken"
"terry kenealy","1903450","2009-2013","ia","Allison-Bristow Comm School District","Terry Kenealy","1913440","2014","ia","Hamburg Comm School District","Terry Kenealy"
"darwin lehmann","1913230","2004-2006","ia","Griswold Comm School District","Darwin Lehmann","1911790","2007-2020, 2023-2024","ia","Forest Citycomm School District","Darwin Lehmann"
"greg ebeling","1926910","2004-2010","ia","Spencer Comm School District","Greg Ebeling","1922470","2011-2020, 2023-2024","ia","Pella","Greg Ebeling"
"robert mccurdy","1903030","2004-2006","ia","Lineville-Clio Comm School District","Robert McCurdy","1924990","2004-2007","ia","Russell Comm School District","Robert McCurdy"
"casey berlau","1910710","2006-2008","ia","Elk Horn-Kimballtoncomm School District","Casey Berlau","1906330","2019-2020, 2023-2024","ia","Carroll Comm School District","Casey Berlau"
"dan crozier","1903660","2004-2006","ia","Anita Comm School District","Dan Crozier","1903930","2009","ia","Atlantic Comm School District","Dan Crozier"
"allan nelson","1912300","2004","ia","Garnavillo Comm School District","Allan Nelson","1913350","2004-2014","ia","Guttenberg Comm School District","Allan Nelson"
"steve callison","1900023","2005","ia","Sioux Central","Steve Callison","1921810","2007-2008","ia","Orient-Macksburgcomm School District","Steve Callison"
"deron stender","1907350","2016-2018","ia","Clarinda Comm School District","Deron Stender","1908310","2019-2020, 2023-2024","ia","Creston Comm School District","Deron Stender"
"elizabeth pressler","1710830","2006-2007","il","Triopia Cusd 27","ELIZABETH PRESSLER","1708610","2008-2012","il","Carrollton Cusd 1","Dr Elizabeth Pressler"
"don white","1719290","2013-2014, 2017","il","Hinsdale Ccsd 181","Dr. Don White","1726370","2018-2020","il","Mokena Sd 159","Dr. Don White"
"mark doan","1705190","2003","il","Bartonville School Dist 66","MARK E DOAN ","1713560","2011-2014, 2017-2021","il","Effingham Cusd 40","Mr. Mark E Doan"
"lindell croft","1709810","2003-2004","il","Chester Comm Unit Sch Dist 139","LINDELL CROFT ","1712480","2010","il","Dongola Usd 66","Dr. Lindell Croft"
"charles stegall","1706120","2013-2014","il","Bethalto Cusd 8","Charles T Stegall","1737120","2017-2023","il","St Anne Ccsd 256","Mr. Charles Stegall"
"carol kunst","1736810","2009-2011","il","Burbank Sd 111","Dr. Carol A Kunst","1730220","2012","il","Orland Sd 135","Dr. Carol Kunst"
"mary hagan","1740680","2003","il","North Wamac School District 186","DR MARY HAGAN ","1740200","2004","il","Venice Comm Unit School Dist 3","DR MARY HAGAN "
"david bonnette","1733990","2003-2004","il","Riverside School Dist 96","DR DAVID J BONNETTE ","1733810","2007","il","River Forest Sd 90","Dr David J Bonnette"
"suellen girard","1718510","2003-2006","il","Havana Comm Unit School Dist 126","DR SUELLEN GIRARD ","1726710","2008-2013","il","Morrison Cusd 6","Dr Suellen Girard"
"terry milt","1727360","2004-2008","il","Mt Vernon Twp H S Dist 201","TERRY MILT ","1712720","2009-2011","il","Dupo Cusd 196","Terry Milt"
"dawn puckett","1803990","2012, 2014-2015","in","Greencastle Community Sch Corp","Mrs Dawn Puckett","1810620","2020","in","Southeast Fountain School Corp","Dawn Puckett"
"jeremy lugbill","1800164","2022-2024","in","Career Academy Middle School","Jeremy Lugbill","1813240","2023-2024","in","The Portage School Of Leaders","Jeremy Lugbill"
"kelli marshall","1800045","2015-2017","in","Charles A Tindley Accelerated Schl","Kelli Marshall","1800141","2015-2017","in","Tindley Renaissance Academy","Kelli Marshall"
"nicole fama","1800225","2020-2024","in","Phalen Leadership Academy At Louis","Nicole Fama","1800227","2023-2024","in","Promise Prep","Nicole Fama"
"sarah weimer","1800122","2020-2022","in","Christel House Dors","Sarah Weimer","1800149","2020-2022","in","Christel House Academy West","Sarah Weimer"
"lydia jagger","1800101","2016-2017","in","Career Academy High School","Lydia Jagger","1800164","2016-2017","in","Career Academy Middle School","Lydia Jagger"
"scot croner","1800570","2014-2016","in","Blackford County Schools","Scot Croner","1812240","2016-2024","in","Wa-Nee Community Schools","Scot Croner"
"wesley hammond","1810380","2012, 2014-2021","in","South Henry School Corp","Mr Wesley Hammond","1803330","2021-2024","in","Eminence Community School Corp","Wesley Hammond"
"trevor jones","1810800","2015-2019","in","Southwestern-Jefferson Co Con","Trevor Jones","1809990","2018-2024","in","Scott County School District 1","Trevor Jones"
"steve woolf","2000349","2010-2012","ks","Central Plains","Woolf, Steve","2006000","2014-2017","ks","Erie-Galesburg","Woolf, Steve"
"cheryl cook","2009000","2016","ks","Lyndon","Cook, Cheryl","2007080","2018","ks","Healy Public Schools","Cook, Cheryl"
"brian spencer","2000014","2015-2018","ks","Central Heights","Spencer, Brian","2011280","2021-2022","ks","Pawnee Heights","Brian Spencer"
"larry lyder","2011040","2016","ks","Golden Plains","Lyder, Larry","2000030","2021","ks","Republic County","Larry Lyder"
"renae hickert","2007440","2009-2011","ks","Rural Vista","Hickert, Renae","2008730","2015-2018","ks","Liberal","Hickert, Renae"
"paul becker","2004830","2009-2010","ks","North Jackson","Becker, Paul","2004920","2015-2018","ks","Clearwater","Becker, Paul"
"morgan ballard","2011430","2023","ks","Skyline Schools","Morgan Ballard","2006990","2024","ks","Haviland","Morgan Ballard"
"mary treaster","2008310","2009-2012","ks","Fairfield","Treaster, Mary","2008880","2013","ks","Little River","Treaster, Mary"
"nancy meyer","2009660","2009","ks","Marmaton Valley","Meyer, Nancy","2011100","2015","ks","Riley County","Meyer, Nancy"
"larry lysell","2008910","2010-2012","ks","Logan","Lysell, Larry","2000346","2023","ks","Thunder Ridge Schools","Larry Lysell"
"robert colby","2600009","2008","mi","Bloomfield Twp.","Robert Colby","2634860","2008","mi","Verona Twp. #1f","Robert Colby"
"charles andrews","2600327","2008","mi","Hospitality Academy","Charles Andrews","2600329","2008","mi","Industrial Technology Academy","Charles Andrews"
"mark gable","2600944","2011","mi","Traverse City College Preparatory Academy","Mark Gable","2601016","2015","mi","Caniff Liberty Academy","Mark Gable"
"ron wiens","2600212","2011","mi","Global Preparatory Academy","Ron Wiens","2600298","2011-2012","mi","Dr. Charles Drew Academy","Ron Wiens"
"terri mileski","2629340","2008","mi","Rapid River","Terri Mileski","2623550","2014-2015","mi","Menominee","TERRI MILESKI"
"monica martin","2600943","2014-2015","mi","Ace Academy (Sda)","Monica Martin","2601013","2014-2015","mi","Capstone Academy Charter School (Sda)","Monica Martin"
"mohamad issa","2600301","2008, 2011, 2014-2015","mi","Frontier International Academy","Mohamad Issa","2600991","2014-2015","mi","Gee Edmonson Academy","Mohamad Issa"
"john strycker","2625290","2008, 2011-2012","mi","New Lothrop","John Strycker","2602190","2014-2015","mi","Algonac","John Strycker"
"dedrick martin","2636630","2011-2012","mi","Ypsilanti","Dedrick Martin","2632820","2014-2015","mi","St. Johns","Dedrick Martin"
"andrew shaw","2628500","2008, 2011-2012","mi","Pittsford","Andrew Shaw","2623100","2015","mi","Mason (Monroe)","Andrew Shaw"
"brian wilson","2912180","2007-2010","mo","Fordland R-Iii","BRIAN WILSON","2904050","2011-2014","mo","Ava R-I","BRIAN WILSON"
"joe layton","2927900","2005-2007","mo","Seneca R-Vii","JOE LAYTON","2931950","2009-2011","mo","Wheaton R-Iii","JOE LAYTON"
"rick stark","2916140","2012-2016","mo","Jasper Co. R-V","RICK STARK","2929810","2017-2023","mo","Summersville R-Ii","RICK STARK"
"thomas allen","2910620","2003-2006","mo","Delta R-V","THOMAS ALLEN","2929760","2012-2019","mo","Sullivan","THOMAS ALLEN"
"daniel slack","2909810","2005-2008","mo","Climax Springs R-Iv","DANIEL SLACK","2911100","2009-2012","mo","East Carter Co. R-Ii","Daniel Slack"
"john rinehart","2902970","2013-2015","mo","Albany R-Iii","JOHN RINEHART","2931710","2016-2023","mo","West Platte Co. R-Ii","JOHN RINEHART"
"damon kizzire","2926480","2011-2014","mo","Richmond R-Xvi","Damon Kizzire","2916740","2015-2019","mo","Kirksville R-Iii","DAMON KIZZIRE"
"jaret tomlinson","2916830","2013-2014","mo","Knob Noster R-Viii","Jaret Tomlinson","2911650","2024","mo","Excelsior Springs 40","JARET TOMLINSON"
"mickie harris","2928800","2005-2007","mo","Spokane R-Vii","MICKIE HARRIS","2929760","2009-2010","mo","Sullivan","MICKIE HARRIS"
"pascal mubenga","3701530","2015-2016","nc","Franklin County Schools","Pascal Mubenga","3701260","2017-2022","nc","Durham Public Schools","Pascal Mubenga"
"julius walker","3702160","2011","nc","Hertford County Schools","Julius Walker","3704800","2019","nc","Washington County Schools","Julius Walker"
"lillie cox","3702190","2009-2010","nc","Hickory City Schools","Lillie Cox","3700030","2011-2013","nc","Alamance-Burlington Schools","Lillie Cox"
"dan brigman","3702760","2009-2011","nc","Macon County Schools","Dan Brigman","3700300","2019-2022","nc","Avery County Schools","Dan Brigman"
"beverly emory","3700012","2011-2012","nc","Pitt County Schools","Beverly Emory","3701500","2013-2017","nc","Winston Salem/Forsyth County Schools","Beverly Emory"
"travis twiford","3700600","2016, 2022","nc","Camden County Schools","Travis Twiford","3704590","2021","nc","Tyrrell County Schools","Travis Twiford"
"eric bracy","3704140","2013-2019","nc","Sampson County Schools","Eric Bracy","3702370","2020-2022","nc","Johnston County Public Schools","Eric Bracy"
"don phipps","3700330","2009-2017","nc","Beaufort County Schools","Donald Phipps","3700580","2018-2022","nc","Caldwell County Schools","Don Phipps"
"virginia moon","3100011","2010-2011","ne","Broken Bow Public Schools","VIRGINIA MOON","3103330","2019","ne","Auburn Public Schools","Virginia Moon"
"charles chevalier","3103330","2001-2005","ne","Auburn Public Schools","CHARLES CHEVALIER","3175630","2006-2011","ne","South Sarpy Dist 46","CHARLES CHEVALIER"
"alan ehlers","3105970","2007","ne","Tri County Public Schools","ALAN EHLERS","3176890","2009-2010","ne","Spalding Public Schools","ALAN EHLERS"
"mikal shalikow","3170020","2011-2013","ne","Elba Public Schools","MIKAL SHALIKOW","3174340","2014-2021","ne","Newman Grove Public Schools","MIKAL SHALIKOW"
"larry sweley","3170980","2001-2003","ne","Gibbon Public Schools","LARRY SWELEY","3105280","2005-2007","ne","Cody-Kilgore Public Schs","LARRY SWELEY"
"cynthia wendell","3171940","2005-2010","ne","Holdrege Public Schools","CYNTHIA WENDELL","3177340","2014","ne","Sumner-Eddyville-Miller Schs","CYNTHIA WENDELL"
"dale meritt","3103740","2001","ne","Beemer Public Schools","DALE MERITT","3105280","2002-2004","ne","Cody-Kilgore Public Schs","DALE MERITT"
"thomas sandberg","3103420","2001-2011","ne","Axtell Community Schools","THOMAS SANDBERG","3178260","2013-2020","ne","Wallace Public Sch Dist 65 R","THOMAS SANDBERG"
"morris bates","3176400","2001-2004","ne","Santee Community Schools","MORRIS BATES","3119560","2005-2009","ne","Umo N Ho N Nation Public Schs","MORRIS BATES"
"frank vogel","3415030","2015","nj","Somers Point School District","Frank Vogel","3406510","2016-2017, 2019-2020","nj","Hamilton Township School District","Frank Vogel"
"mark hayes","3413800","2019","nj","Ridgefield Park Twp","Mark Hayes","3403270","2024","nj","Cliffside Park Boro","Dr. Mark Hayes"
"dennis anderson","3417970","2011-2013","nj","Wildwood Crest Borough","DENNIS ANDERSON","3413200","2020","nj","Pleasantville City","Dennis Anderson"
"marilyn martinez","3412870","2011-2013","nj","Pennsauken Township Board Of Education","MARILYN MARTINEZ","3413200","2024","nj","Pleasantville City","Dr. Marilyn Martinez"
"nihat guvercin","3400765","2014-2017","nj","Paterson Arts And Science Charter School","Nihat Guvercin","3400715","2015-2017","nj","Bergen Arts And Sciences Charter School","Nihat Guvercin"
"anne mucci","3412660","2021-2022","nj","Long Hill Twp","Anne Mucci","3410810","2023-2024","nj","Morris School District","Anne Mucci"
"terrance brennan","3401860","2011","nj","Bloomingdale School District","Terrance Brennan","3417310","2019","nj","Weehawken Twp","Terrance Brennan"
"ernest palestis","3410770","2013","nj","Morris Plains School District","Ernest Palestis","3408820","2015","nj","Livingston Board Of Education School District","Ernest Palestis"
"siobhan grayson","3401200","2019","nj","Bass River Twp","Siobhan Grayson","3416320","2022-2024","nj","Tuckerton Boro","Siobhan Grayson"
"lee bordick","3615210","2010-2012","ny","Kinderhook Csd","Mr. Lee Bordick","3626070","2016-2017","ny","Schodack Csd","LEE BORDICK"
"scott osborne","3610440","2016-2019","ny","Elizabethtown-Lewis Csd","SCOTT OSBORNE","3631080","2016-2017","ny","Westport Csd","SCOTT OSBORNE"
"thomas mcgowan","3612900","2011","ny","Greenwich Csd","Mr. Thomas F McGowan","3625470","2013-2014","ny","Salem Csd","Mr. Thomas McGowan"
"cynthia ford johnston","3616140","2010-2013","ny","Keene Csd","Mrs. Cynthia Ford-Johnston","3628680","2020-2022","ny","Ticonderoga Csd","CYNTHIA FORD JOHNSTON"
"charlotte gregory","3621840","2010","ny","Onteora Csd","Ms. Charlotte Gregory","3609240","2012","ny","Downsville Csd","Ms. Charlotte A Gregory"
"scott bischoping","3617640","2010-2012","ny","Livonia Csd","Mr. Scott Bischoping","3603990","2021","ny","Batavia City Sd","SCOTT BISCHOPING"
"james grossane","3627060","2014-2019","ny","Smithtown Csd","Dr. James J Grossane","3626520","2019-2022","ny","Sewanhaka Central Hs District","JAMES GROSSANE"
"cosimo tangorra","3615240","2010-2012","ny","Ilion Csd","Mr. Cosimo Tangorra","3620880","2015-2020","ny","Niskayuna Csd","Dr. Cosimo Tangorra"
"ronald burke","3600003","2016-2018","ny","Edwards-Knox Csd","RONALD BURKE","3606470","2019-2022","ny","Canton Csd","RONALD BURKE"
"lisa carmichael","3904779","2005-2007","oh","Edison Local","Lisa A. Carmichael","3904435","2008-2009","oh","Massillon City","Lisa A. Carmichael"
"patrick colucci","3904351","2012-2014","oh","Ashtabula Area City","Patrick E. Colucci","3904585","2015-2023","oh","Buckeye Local","Patrick E. Colucci"
"scot prebles","3904539","2005-2008","oh","Granville Exempted Village","Scot T. Prebles","3904354","2021-2023","oh","Bay Village City","Scot T. Prebles"
"todd yohey","3904737","2008-2014","oh","Oak Hills Local","MICHAEL YOHEY","3904421","2015-2019","oh","Lebanon City","Todd Yohey"
"chris briggs","3904803","2012-2015","oh","Northridge Local","Chris M. Briggs","3904689","2016-2023","oh","Pickerington Local","Chris M. Briggs"
"stephen marlow","3905007","2005-2009","oh","Twinsburg City","Stephen J. Marlow","3904656","2010-2013","oh","Independence Local","Stephen J. Marlow"
"thomas gibbs","3910018","2005-2011","oh","Warren Local","Thomas J. Gibbs","3905048","2011","oh","Fort Frye Local","Thomas J. Gibbs"
"steven pritts","3905068","2005-2008","oh","Elmwood Local","Steven J. Pritts","3904399","2009-2011","oh","Fostoria City","Steven J. Pritts"
"dale bledsoe","4033360","2014-2021","ok","Yale","Dale Bledsoe","4000020","2022-2023","ok","Frontier","Dale Bledsoe"
"steve shiever","4022950","2018-2023","ok","Lomega","Steve Shiever","4024720","2024","ok","Pond Creek-Hunter","Steve Shiever"
"michael wolfe","4010560","2012","ok","Peavine","Michael Wolfe","4021870","2015-2020","ok","Greasy","Michael Wolfe"
"larry larmon","4023190","2012-2013, 2024","ok","Osage","Larry Larmon","4028110","2013","ok","Spavinaw","Larry Larmon"
"josh sumrall","4008940","2012-2021","ok","Coyle","Josh Sumrall","4022590","2022-2024","ok","Okarche","Josh Sumrall"
"andy evans","4029886","2012","ok","Mountain View-Gotebo","Andy Evans","4024930","2013-2014","ok","Prague","Andy Evans"
"leon ashlock","4029380","2018-2022","ok","Tahlequah","Leon Ashlock","4006810","2023-2024","ok","Cashion","Leon Ashlock"
"kevin hime","4008070","2012-2021","ok","Clinton","Kevin Hime","4017250","2022-2024","ok","Lawton","Kevin Hime"
"sean gallagher","4107280","2012-2013","or","Lake County SD 7","Sean Gallagher","4102310","2014-2017","or","Brookings-Harbor SD 17C","Sean Gallagher"
"susan rieke smith","4111670","2014-2016","or","Springfield SD 19","Susan Rieke-Smith","4112240","2017-2018, 2020-2022","or","Tigard-Tualatin SD 23J","Susan Rieke-Smith"
"buzz brazeau","4102840","2012-2015","or","Central SD 13J","Buzz Brazeau","4109600","2018","or","Philomath SD 17J","Buzz Brazeau"
"jim golden","4111490","2012-2013","or","Sisters SD 6","Jim Golden","4101120","2014-2016","or","Greater Albany Public SD 8J","Jim Golden"
"mark witty","4106780","2012-2013, 2022-2023","or","John Day SD 3","Mark Witty","4101710","2014-2018, 2020","or","Baker SD 5J","Mark Witty"
"matthew hawley","4100014","2012-2013","or","Vale SD 84","Matthew Hawley","4103630","2014-2018, 2020-2023","or","Harney County Union High SD 1J","Matthew Hawley"
"william rhoades","4113530","2018","or","Woodburn SD 103","William Rhoades","4108880","2023","or","North Marion SD 15","William Rhoades"
"william rhoades","4113170","2012-2014","or","West Linn-Wilsonville SD 3J","William Rhoades","4113530","2018","or","Woodburn SD 103","William Rhoades"
"andrew kovach","4109510","2015","or","Pendleton SD 16","Andrew Kovach","4104500","2020-2023","or","Eagle Point SD 9","Andrew Kovach"
"helen mccracken","4204890","2008-2011","pa","Canon-McMillan SD","HELEN MCCRACKEN","4205430","2017-2019","pa","Central Greene SD","Helen McCracken"
"michael panza","4205040","2008-2010","pa","Carlynton SD","MICHAEL PANZA","4225590","2013-2015","pa","West Jefferson Hills SD","MICHAEL PANZA"
"michelle miller","4203688","2010-2013","pa","School District","MICHELLE MILLER","4226520","2014-2015","pa","Wilmington Area SD","MICHELLE MILLER"
"fred foster","4209870","2009-2011","pa","Forbes Road SD","Fred Foster","4212090","2012-2020","pa","Huntingdon Area SD","FRED FOSTER"
"keith wolfe","4219800","2010-2015","pa","School District","KEITH WOLFE","4204830","2016-2021","pa","Cameron County SD","KEITH WOLFE"
"richard makin","4219830","2008","pa","Purchase Line SD","RICHARD MAKIN","4206150","2009","pa","Clearfield Area SD","RICHARD MAKIN"
"thomas turnbaugh","4223760","2008","pa","Trinity Area SD","THOMAS TURNBAUGH","4205190","2009","pa","Centennial SD","THOMAS TURNBAUGH"
"janet sardon","4225680","2009-2010","pa","West Mifflin Area SD","JANET SARDON","4221150","2011-2021","pa","School District","Janet Sardon"
"gary lilly","4700360","2011-2018","tn","Bristol","Mr. Gary L. Lilly","4700149","2019-2022","tn","Collierville","Mr Gary Lilly"
"versie hamlett","4701950","2013-2018","tn","Humboldt","Dr. Versie Hamlett","4701240","2020-2022","tn",NA,"Mr. Versie Hamlett"
"marlon king","4701770","2011","tn","Haywood County","Mr. Marlon King","4702580","2019-2022","tn","Madison County","Mr Marlon King"
"robert greene","4700120","2011-2013, 2019-2022","tn","Athens","Mr. Robert Greene","4700930","2017-2018","tn","Dayton","Mr. Robert Greene"
"joey hassell","4702310","2011","tn","Lauderdale County","Mr. Joey Hassell","4701770","2017-2021","tn","Haywood County","Mr. Joel Hassell"
"jerry boyd","4703480","2012-2018","tn","Putnam County","Mr. Jerry Boyd","4704380","2020-2022","tn","Washington County","Mr. Jerry Boyd"
"steve starnes","4701740","2013-2016","tn","Hawkins County","Mr. Steve Starnes","4701500","2017-2022","tn","Greeneville","Mr. Steve Starnes"
"melanie miller","4704050","2011-2012","tn","Sweetwater","Ms. Melanie Miller","4700120","2014-2018","tn","Athens","Ms. Melanie Miller"
"dennis hughes","4842720","1995-1997","tx","Three Way Isd","Dennis Hughes","4821180","2018","tx","Gordon Isd","Dennis Hughes"
"barbie mcmath","4821600","2015","tx","Grape Creek Isd","Barbie Mcmath","4845950","2022","tx","Wills Point Isd","Barbie Mcmath"
"charlie uselton","4820220","1990-1992","tx","Gainesville Isd","Charlie Uselton","4818070","1993","tx","Eden Cons Isd","Charlie Uselton"
"curtis williams","4822500","1990-1991","tx","Harleton Isd","Curtis Williams","4839960","1992-1996","tx","Shelbyville Isd","Curtis Williams"
"yolanda cruz","4800016","2000-2004","tx","Dallas Can Academy Charte","Yolanda Cruz","4800242","2003-2004","tx","Austin Can Academy Charte","Yolanda Cruz"
"michael stevens","4823010","2003-2007","tx","Hereford Isd","Michael Stevens","4813620","2019-2021","tx","Channing Isd","Michael Stevens"
"paula quick","4823160","2008-2009","tx","High Island Isd","Paula Quick","4812150","2010-2013","tx","Burkeville Isd","Paula Quick"
"lloyd graham","4841350","2003-2005","tx","Stafford Municipal School","Lloyd Graham","4826190","2008-2019","tx","La Porte Isd","Lloyd Graham"
"marshall harrison","4814760","2012","tx","Comanche Isd","Marshall Harrison","4810470","2015-2016","tx","Blooming Grove Isd","Marshall Harrison"
"mark lineburg","5100450","2010-2013","va","Bristol ","Dr. Mark Y. Lineburg","5104050","2014-2015","va","Winchester ","Dr. Mark Lineburg"
"stanley jones","5102070","2013-2014","va","King And Queen County","Dr. Stanley Jones","5101110","2015-2019","va","Danville ","Dr. Stanley B. Jones"
"peter noonan","5101230","2012-2013","va","Fairfax ","Dr. Peter J. Noonan","5101290","2017-2024","va","Falls Church ","Dr. Peter Noonan"
"walter clemons","5102710","2011-2013","va","Northampton County","Dr. Walter R Clemons","5101620","2014-2023","va","Gloucester County","Dr. Walter Clemons"
"jared cotton","5101920","2012-2017","va","Henry County","Dr. Jared A. Cotton","5100810","2018-2024","va","Chesapeake ","Dr. Jared A. Cotton"
"william sroufe","5102880","2013-2018","va","Patrick County","Dr. William D. Sroufe","5100960","2019-2022","va","Colonial Heights ","Dr. William D. Sroufe"
"jeremy raley","5103510","2013-2015","va","Shenandoah County","Dr. Jeremy J. Raley","5101650","2016-2022","va","Goochland County","Dr. Jeremy J. Raley"
"john keeler","5100560","2013-2021","va","Buena Vista ","Dr. John Keeler","5100540","2022-2024","va","Buckingham County Public Schools","Dr. John R. Keeler"
"kelly wilmore","5101020","2013-2014","va","Craig County","Mr. Kelly Wilmore","5101690","2015-2024","va","Grayson County","Mr. Kelly Wilmore"
"james kuchta","5500300","2015-2018","wi","Amery School District","James Kuchta","5505640","2020-2022","wi","Granton Area School District","JAMES KUCHTA"
"wayne anderson","5509990","2008-2012","wi","Mount Horeb Area School District","Wayne Anderson","5508910","2021","wi","Mcfarland School District","Wayne Anderson"
"randall refsland","5501560","2017-2018","wi","Bowler School District","Randall Refsland","5500450","2023-2024","wi","Argyle School District","Randall Refsland"
"laurie burgos","5504440","2021-2022","wi","Evansville Community School District","LAURIE BURGOS","5513800","2023-2024","wi","Shorewood School District","LAURIE BURGOS"
"timothy raymond","5515570","2011-2013","wi","Washington School District","Timothy Raymond","5502070","2014-2021","wi","Cambria-Friesland School District","Timothy Raymond"
"nancy hendrickson","5506420","2012-2019","wi","Highland School District","Nancy Hendrickson","5501310","2013-2014","wi","Pecatonica Area School District","Nancy Hendrickson"
"james gottinger","5507620","2008-2009","wi","Lake Geneva J1 School District","James Gottinger","5507650","2008-2021","wi","Lake Geneva-Genoa City Uhs School District","James Gottinger"
"wayne anderson","5516740","2013-2019","wi","Williams Bay School District","Wayne Anderson","5508910","2021","wi","Mcfarland School District","Wayne Anderson"
