District ID,District Name,County,Superintendent,Student Enrollment,Ever English Learners,Languages Spoken,Students with Disabilities,Free/Reduced Priced Lunch,Mobile Students,Administrators,Teachers,Educational Assistants,Counselors,Licensed Librarians,Psychologists,Experienced Teachers,On-Track to Graduate,Oregon On-Track to Graduate Average,On-Time Graduation,Oregon On-Time Graduation Average
2063,Adel SD 21,Lake,Jack Thompson,8,*,1,*,*,*,<1,1,0,0,0,<1,100%,*,74%,*,83%
2113,Adrian SD 61,Malheur,Kevin Purnell,261,16%,3,18%,58%,18%,2,17,10,1,<1,0,100%,89%,74%,95%,83%
1899,Alsea SD 7J,Benton,Marc Thielman,858,*,7,15%,55%,67%,4,26,20,0,0,0,53%,49%,74%,39%,83%
2252,Amity SD 4J,Yamhill,Jeff Clark,760,10%,3,17%,35%,11%,5,50,13,2,<1,0,82%,61%,74%,93%,83%
2111,Annex SD 29,Malheur,Steve Bishop,90,*,2,11%,>95%,18%,1,8,7,0,0,0,100%,*,74%,*,83%
2005,Arlington SD 3,Gilliam,Kevin Hunking,164,*,2,*,*,19%,1,15,0,0,0,0,47%,94%,74%,85%,83%
2115,Arock SD 81,Malheur,Vicki McConnell,15,*,2,*,*,*,0,3,<1,0,0,0,67%,*,74%,*,83%
2041,Ashland SD 5,Jackson,Samuel Bogdanove,2476,<5%,18,14%,>95%,12%,12,147,62,8,2,<1,85%,74%,74%,94%,83%
2051,Ashwood SD 8,Jefferson,Melanie Friend,9,*,1,*,*,*,0,1,<1,0,0,0,100%,*,74%,*,83%
1933,Astoria SD 1,Clatsop,Craig Hoppes,1785,10%,14,15%,42%,10%,8,109,58,6,0,1,80%,57%,74%,91%,83%
2208,Athena-Weston SD 29RJ,Umatilla,Laure  Quaresma,558,*,5,15%,74%,15%,4,39,11,1,0,0,84%,85%,74%,91%,83%
1894,Baker SD 5J,Baker,Mark Witty,4697,<5%,13,13%,41%,16%,17,212,42,20,0,1,75%,73%,74%,85%,83%
1969,Bandon SD 54,Coos,Shauna Schmerer,606,*,3,13%,56%,17%,3,36,23,0,0,0,84%,54%,74%,87%,83%
2240,Banks SD 13,Washington,Jeff Leo,1014,5%,13,15%,22%,10%,6,54,12,2,0,1,88%,80%,74%,96%,83%
2243,Beaverton SD 48J,Washington,Don Grotting,39323,27%,93,13%,40%,8%,111,2129,426,140,3,38,90%,80%,74%,89%,83%
1976,Bend-LaPine Administrative SD 1,Deschutes,Lora Nordquist,17375,7%,31,11%,36%,22%,66,885,199,35,5,15,91%,77%,74%,86%,83%
2088,Bethel SD 52,Lane,Kraig Sproles,5148,13%,15,19%,60%,9%,20,263,135,13,0,2,80%,79%,74%,79%,83%
2095,Blachly SD 90,Lane,Adam Watkins,216,*,1,24%,39%,17%,2,16,4,1,0,0,82%,59%,74%,63%,83%
2052,Black Butte SD 41,Jefferson,Kirstin Anglea,22,*,2,*,*,*,0,4,0,0,0,0,75%,*,74%,*,83%
1974,Brookings-Harbor SD 17C,Curry,David Marshall,1397,5%,6,18%,>95%,12%,8,77,31,4,0,1,74%,69%,74%,84%,83%
1896,Burnt River SD 30J,Baker,Louise Lyon,30,*,1,*,60%,35%,<1,4,<1,0,0,0,100%,*,74%,100%,83%
2046,Butte Falls SD 91,Jackson,Phil Long,225,*,2,21%,>95%,24%,2,17,8,0,0,0,93%,60%,74%,94%,83%
1995,Camas Valley SD 21J,Douglas,Don Wonsley,225,*,1,19%,52%,8%,2,18,6,0,0,0,88%,>95%,74%,69%,83%
1929,Canby SD 86,Clackamas,Samuel (Trip) Goodall,4140,26%,24,14%,36%,9%,15,237,70,10,1,5,89%,55%,74%,91%,83%
2139,Cascade SD 5,Marion,Darin Drill,2465,10%,11,16%,39%,15%,14,130,58,7,1,0,81%,90%,74%,89%,83%
2185,Centennial SD 28J,Multnomah,James Owens,5662,41%,65,14%,61%,8%,17,272,72,13,<1,5,89%,63%,74%,81%,83%
1972,Central Curry SD 1,Curry,Tim Wilson,439,*,2,13%,54%,17%,3,27,11,2,0,0,71%,77%,74%,77%,83%
2105,Central Linn SD 552,Linn,Brian Gardner,570,6%,3,17%,21%,20%,3,37,5,1,0,<1,69%,79%,74%,63%,83%
2042,Central Point SD 6,Jackson,Walt Davenport,4726,8%,17,15%,68%,11%,18,226,129,2,0,3,80%,59%,74%,78%,83%
2191,Central SD 13J,Polk,Jennifer Kubista,3113,30%,17,13%,58%,11%,10,159,74,5,0,0,82%,46%,74%,84%,83%
1945,Clatskanie SD 6J,Columbia,Cathy Hurowitz,650,<5%,2,24%,>95%,18%,4,35,22,1,0,1,72%,62%,74%,85%,83%
1927,Colton SD 53,Clackamas,Dave Kline,506,*,6,14%,28%,12%,4,34,4,1,0,1,81%,53%,74%,91%,83%
2006,Condon SD 25J,Gilliam,Michelle Geer,139,*,2,14%,47%,10%,1,11,<1,0,0,0,71%,*,74%,75%,83%
1965,Coos Bay SD 9,Coos,Bryan Trendell,3003,<5%,15,17%,>95%,13%,13,172,57,6,1,4,75%,63%,74%,80%,83%
1964,Coquille SD 8,Coos,Tim Sweeney,1388,<5%,4,15%,>95%,19%,10,68,33,2,0,0,61%,42%,74%,63%,83%
2186,Corbett SD 39,Multnomah,Dan Wold,1080,<5%,16,16%,24%,<5%,5,53,14,0,0,0,82%,80%,74%,95%,83%
1901,Corvallis SD 509J,Benton,Ryan Noss,6378,15%,55,11%,27%,13%,25,347,138,16,1,2,87%,79%,74%,90%,83%
2216,Cove SD 15,Union,Earl Pettit,265,*,4,5%,15%,17%,2,17,5,0,0,0,94%,71%,74%,84%,83%
2086,Creswell SD 40,Lane,Michael Johnson,1155,6%,3,16%,51%,12%,7,62,16,3,0,0,82%,34%,74%,84%,83%
1970,Crook County SD,Crook,Sara Johnson,3057,8%,18,15%,46%,28%,16,173,57,5,0,<1,75%,87%,74%,80%,83%
2089,Crow-Applegate-Lorane SD 66,Lane,Heidi Brown,252,*,2,11%,26%,13%,2,20,6,0,0,0,87%,91%,74%,83%,83%
2050,Culver SD 4,Jefferson,Stefanie Garber,647,21%,2,17%,>95%,12%,4,42,13,3,0,<1,70%,80%,74%,94%,83%
2190,Dallas SD 2,Polk,Andy Bellando,3062,<5%,8,17%,32%,13%,12,160,94,6,2,1,77%,75%,74%,86%,83%
2187,David Douglas SD 40,Multnomah,Ken Richardson,9121,44%,62,12%,>95%,7%,29,496,174,23,0,4,86%,63%,74%,84%,83%
2253,Dayton SD 8,Yamhill,Steven Sugg,948,23%,2,14%,>95%,10%,5,55,17,3,0,0,71%,89%,74%,73%,83%
2011,Dayville SD 16J,Grant,Brandon Haberly,61,*,1,*,>95%,*,1,6,4,0,0,0,57%,*,74%,100%,83%
2017,Diamond SD 7,Harney,Shannon Criss,5,*,1,*,*,*,0,1,0,0,0,0,0%,*,74%,*,83%
2021,Double O SD 28,Harney,Karla Neuschwander,4,*,1,*,*,*,0,1,0,0,0,0,100%,*,74%,*,83%
1993,Douglas County SD 15,Douglas,Steve Woods,200,*,2,17%,47%,17%,2,17,5,<1,0,0,45%,61%,74%,85%,83%
1991,Douglas County SD 4,Douglas,Jared Cordon,5578,<5%,21,13%,>95%,20%,22,335,126,16,1,5,78%,71%,74%,68%,83%
2019,Drewsey SD 13,Harney,Jodi Miller,8,*,1,*,*,*,0,1,1,0,0,0,100%,*,74%,*,83%
2229,Dufur SD 29,Wasco,Jack Henderson,350,*,3,17%,>95%,9%,1,21,10,1,0,0,86%,75%,74%,81%,83%
2043,Eagle Point SD 9,Jackson,Andrew Kovach,4069,18%,23,15%,78%,24%,15,204,103,3,1,2,74%,69%,74%,83%,83%
2203,Echo SD 5,Umatilla,Raymon Smith,285,<5%,4,14%,42%,7%,2,20,4,1,0,0,86%,>95%,74%,86%,83%
2217,Elgin SD 23,Union,Dianne Greif,420,*,4,15%,71%,13%,2,32,3,0,0,0,74%,88%,74%,83%,83%
1998,Elkton SD 34,Douglas,Andy Boe,228,*,5,10%,56%,15%,2,18,2,0,0,0,74%,85%,74%,95%,83%
2221,Enterprise SD 21,Wallowa,Erika Pinkerton,376,*,3,19%,>95%,13%,2,28,13,0,0,0,91%,>95%,74%,85%,83%
1930,Estacada SD 108,Clackamas,Ryan Carpenter,3146,10%,30,10%,62%,11%,11,122,26,5,0,1,74%,66%,74%,78%,83%
2082,Eugene SD 4J,Lane,Cydney Vandercar,16506,7%,48,14%,47%,11%,65,847,292,44,4,15,83%,77%,74%,82%,83%
2193,Falls City SD 57,Polk,Art Houghtaling,180,*,1,22%,>95%,21%,2,18,8,1,0,0,78%,70%,74%,82%,83%
2084,Fern Ridge SD 28J,Lane,Gary Carpenter,1397,<5%,1,18%,>95%,14%,9,75,34,2,0,0,83%,71%,74%,67%,83%
2241,Forest Grove SD 15,Washington,David Parker,5762,36%,45,16%,58%,7%,20,309,145,17,0,6,83%,67%,74%,82%,83%
2248,Fossil SD 21J,Wheeler,Jim Smith,1335,*,2,9%,26%,10%,1,34,2,0,0,0,83%,*,74%,100%,83%
2020,Frenchglen SD 16,Harney,Carolyn Koskela,8,*,1,*,*,*,0,1,0,0,0,0,100%,*,74%,*,83%
2245,Gaston SD 511J,Washington,Susy McKenzie,504,<5%,4,15%,37%,7%,4,31,14,2,0,0,83%,65%,74%,91%,83%
2137,Gervais SD 1,Marion,Dandy Stevens,1480,36%,10,14%,71%,16%,9,84,22,4,0,<1,80%,71%,74%,79%,83%
1931,Gladstone SD 115,Clackamas,Bob Stewart,1778,10%,18,15%,36%,8%,9,95,12,4,1,2,84%,69%,74%,93%,83%
2000,Glendale SD 77,Douglas,David Hanson,296,*,1,19%,>95%,34%,3,17,12,0,0,0,61%,60%,74%,68%,83%
1992,Glide SD 12,Douglas,Mike Narkiewicz,692,*,4,16%,>95%,14%,5,47,18,1,0,0,71%,85%,74%,92%,83%
2054,Grants Pass SD 7,Josephine,Kirk Kolb,5522,<5%,21,14%,>95%,19%,20,301,145,12,1,2,85%,77%,74%,78%,83%
2100,Greater Albany Public SD 8J,Linn,Rob Saxton,8943,13%,25,15%,45%,15%,34,466,220,16,2,3,79%,67%,74%,87%,83%
2183,Gresham-Barlow SD 10J,Multnomah,A. Katrise Perera,11609,24%,73,14%,47%,9%,40,555,160,27,1,6,77%,75%,74%,78%,83%
2014,Harney County SD 3,Harney,Steve  Quick,728,*,3,13%,38%,14%,5,49,21,0,1,0,65%,83%,74%,86%,83%
2015,Harney County SD 4,Harney,Matthew Hawley,805,*,2,6%,18%,19%,2,32,<1,0,0,0,77%,84%,74%,55%,83%
2023,Harney County Union High SD 1J,Harney,Matthew Hawley,1176,*,3,<5%,14%,27%,2,37,<1,0,0,0,82%,71%,74%,91%,83%
2114,Harper SD 66,Malheur,Ron Talbot,215,5%,2,13%,>95%,28%,1,10,6,0,0,0,100%,93%,74%,92%,83%
2099,Harrisburg SD 7J,Linn,Bryan Starr,715,7%,6,16%,58%,15%,4,49,23,2,0,<1,79%,70%,74%,95%,83%
2201,Helix SD 1,Umatilla,Darrick Cope,160,*,1,16%,21%,11%,1,16,1,<1,0,0,85%,*,74%,70%,83%
2206,Hermiston SD 8,Umatilla,Tricia Mooney,5499,38%,18,13%,>95%,10%,16,311,80,12,0,2,69%,72%,74%,84%,83%
2239,Hillsboro SD 1J,Washington,Mike Scott,19141,33%,138,17%,59%,9%,55,875,407,69,1,9,83%,85%,74%,87%,83%
2024,Hood River County SD,Hood River,Rich Polkinghorn,3794,38%,3,13%,59%,9%,20,240,79,14,<1,2,87%,80%,74%,92%,83%
1895,Huntington SD 16J,Baker,Scott Bullock,89,*,1,*,16%,35%,1,7,0,0,0,0,80%,*,74%,44%,83%
2215,Imbler SD 11,Union,Angie Lakey Campbell,271,*,3,12%,24%,11%,2,22,4,0,0,0,91%,>95%,74%,86%,83%
3997,Ione SD R2,Morrow,Rollie Marshall,151,17%,2,19%,47%,16%,2,17,3,0,0,0,82%,60%,74%,94%,83%
2053,Jefferson County SD 509J,Jefferson,Jay Mathisen,2737,40%,7,18%,>95%,12%,13,173,82,10,1,1,70%,75%,74%,85%,83%
2140,Jefferson SD 14J,Marion,Brad Capener,794,16%,4,17%,56%,15%,6,45,14,2,0,0,83%,74%,74%,93%,83%
1934,Jewell SD 8,Clatsop,Stephen Phillips,114,*,1,18%,59%,31%,2,15,5,2,0,<1,71%,*,74%,100%,83%
2008,John Day SD 3,Grant,Bret Uptmor,509,*,3,14%,>95%,13%,5,39,13,0,0,0,64%,78%,74%,87%,83%
2107,Jordan Valley SD 3,Malheur,Rusty Bengoa,49,*,1,*,76%,*,<1,9,3,0,0,0,67%,*,74%,100%,83%
2219,Joseph SD 6,Wallowa,Lance Homan,273,*,1,11%,>95%,13%,2,19,3,<1,0,0,94%,>95%,74%,93%,83%
2091,Junction City SD 69,Lane,Troy Stoops,1603,6%,3,16%,>95%,15%,8,94,43,6,0,2,76%,73%,74%,78%,83%
2109,Juntura SD 12,Malheur,Brooke Bezona,5,*,2,*,*,*,0,1,0,0,0,0,0%,*,74%,*,83%
2057,Klamath County SD,Klamath,Glen Syzmoniak,6851,10%,17,15%,>95%,16%,38,362,121,12,0,0,81%,79%,74%,84%,83%
2056,Klamath Falls City Schools,Klamath,Keith Brown,2765,8%,16,19%,>95%,29%,14,139,87,3,0,0,74%,48%,74%,73%,83%
2262,Knappa SD 4,Clatsop,William Fritz,490,<5%,8,17%,29%,11%,3,32,12,2,0,<1,69%,90%,74%,93%,83%
2212,La Grande SD 1,Union,George Mendoza,1959,5%,24,18%,48%,18%,10,130,56,8,1,0,78%,76%,74%,89%,83%
2059,Lake County SD 7,Lake,Michael Carter,729,10%,5,15%,35%,22%,5,52,17,2,0,<1,73%,79%,74%,92%,83%
1923,Lake Oswego SD 7J,Clackamas,Jennifer Schiele,6801,5%,64,11%,>95%,8%,25,391,109,19,2,7,85%,>95%,74%,96%,83%
2101,Lebanon Community SD 9,Linn,Bo Yates,3792,<5%,12,17%,81%,22%,17,219,124,11,0,2,73%,53%,74%,76%,83%
2097,Lincoln County SD,Lincoln,Karen Gray,5048,14%,26,16%,>95%,17%,30,295,85,12,0,5,67%,66%,74%,80%,83%
2012,Long Creek SD 17,Grant,Jennifer Garinger,38,*,2,*,>95%,*,0,5,2,0,0,0,100%,*,74%,67%,83%
2092,Lowell SD 71,Lane,Johnie Matthews,1250,<5%,5,11%,31%,20%,7,51,13,1,0,0,60%,78%,74%,95%,83%
2085,Mapleton SD 32,Lane,Jodi O'Mara,125,*,2,21%,>95%,23%,2,13,6,1,1,0,77%,27%,74%,90%,83%
2094,Marcola SD 79J,Lane,Terry Augustadt,750,*,2,11%,19%,12%,4,29,6,<1,0,0,77%,67%,74%,77%,83%
2090,McKenzie SD 68,Lane,Nathaniel Tompkins,182,*,1,16%,>95%,23%,2,17,8,0,0,0,71%,90%,74%,94%,83%
2256,McMinnville SD 40,Yamhill,Maryalice Russell,6337,29%,10,10%,59%,9%,17,356,163,15,3,5,86%,70%,74%,92%,83%
2048,Medford SD 549C,Jackson,Bret Champion,13892,15%,44,16%,95%,20%,48,735,292,14,5,0,75%,63%,74%,83%,83%
2205,Milton-Freewater Unified SD 7,Umatilla,Aaron Duff,1629,49%,6,14%,>95%,9%,9,100,59,<1,0,0,70%,63%,74%,86%,83%
2249,Mitchell SD 55,Wheeler,Vince Swagerty,1597,7%,13,15%,34%,55%,5,51,0,2,0,0,60%,42%,74%,30%,83%
1925,Molalla River SD 35,Clackamas,Tony Mann,2519,14%,16,15%,25%,12%,12,151,35,6,1,1,72%,54%,74%,90%,83%
1898,Monroe SD 1J,Benton,Bill Crowson,357,17%,3,15%,39%,14%,3,24,13,1,0,<1,76%,77%,74%,90%,83%
2010,Monument SD 8,Grant,Laura Thomas,53,*,2,*,36%,*,1,5,<1,0,0,0,67%,*,74%,100%,83%
2147,Morrow SD 1,Morrow,Dirk Dirksen,2270,45%,7,16%,39%,16%,11,137,65,7,0,0,69%,94%,74%,92%,83%
2145,Mt Angel SD 91,Marion,Rachel Stucky,655,28%,4,17%,55%,13%,5,44,12,3,0,0,80%,80%,74%,81%,83%
1968,Myrtle Point SD 41,Coos,Nanette Hagen,488,<5%,2,15%,>95%,16%,3,32,12,1,0,0,66%,68%,74%,83%,83%
2198,Neah-Kah-Nie SD 56,Tillamook,Paul Erlebach,671,8%,8,16%,35%,18%,6,51,34,5,1,<1,80%,74%,74%,86%,83%
2199,Nestucca Valley SD 101J,Tillamook,Misty Wharton,470,11%,5,16%,>95%,17%,4,28,11,2,0,<1,72%,67%,74%,95%,83%
2254,Newberg SD 29J,Yamhill,Joseph Morelock,4424,16%,37,16%,45%,13%,18,254,78,17,1,5,86%,71%,74%,85%,83%
1966,North Bend SD 13,Coos,Kevin Bogatin,5067,<5%,20,14%,38%,13%,14,218,57,8,0,3,77%,61%,74%,59%,83%
1924,North Clackamas SD 12,Clackamas,Shay James,16244,23%,76,17%,34%,8%,58,849,232,45,3,12,81%,79%,74%,87%,83%
1996,North Douglas SD 22,Douglas,Jody Cyr,332,<5%,3,16%,53%,20%,3,24,8,<1,0,0,73%,64%,74%,92%,83%
2061,North Lake SD 14,Lake,Gail Buermann,242,*,2,21%,>95%,14%,2,19,8,0,0,<1,90%,71%,74%,100%,83%
2141,North Marion SD 15,Marion,Ginger Redlinger,1766,40%,13,17%,>95%,6%,9,102,38,5,0,3,82%,50%,74%,84%,83%
2214,North Powder SD 8J,Union,Lance Dixon,259,8%,2,12%,>95%,17%,2,23,3,0,0,0,88%,>95%,74%,100%,83%
2143,North Santiam SD 29J,Marion,Andrew Gardner,2101,13%,13,16%,48%,15%,10,124,36,2,0,0,75%,81%,74%,84%,83%
4131,North Wasco County SD 21,Wasco,Carolyn Bernal,2721,28%,9,17%,>95%,26%,12,161,70,9,0,0,77%,56%,74%,82%,83%
2110,Nyssa SD 26,Malheur,Darren Johnson,1156,44%,6,14%,>95%,12%,8,72,24,3,0,0,90%,>95%,74%,81%,83%
1990,Oakland SD 1,Douglas,Patti Lovemark,564,*,3,16%,>95%,17%,4,37,10,1,0,0,66%,83%,74%,98%,83%
2093,Oakridge SD 76,Lane,Reta Doland,512,*,2,19%,>95%,15%,3,31,15,2,0,0,73%,58%,74%,72%,83%
2108,Ontario SD 8C,Malheur,Nicole Albisu,2295,20%,13,14%,>95%,16%,15,131,77,8,0,0,73%,76%,74%,85%,83%
1928,Oregon City SD 62,Clackamas,Kyle Laier,7319,10%,48,16%,>95%,12%,26,386,132,20,0,8,80%,74%,74%,89%,83%
1926,Oregon Trail SD 46,Clackamas,Aaron Bayer,4275,11%,35,13%,>95%,10%,15,189,49,11,5,4,79%,66%,74%,88%,83%
2060,Paisley SD 11,Lake,Paul Hauder,188,*,1,18%,47%,17%,2,11,2,0,0,<1,100%,*,74%,100%,83%
2181,Parkrose SD 3,Multnomah,Michael Lopes-Serrao,3002,33%,41,16%,>95%,8%,12,157,48,8,1,3,78%,77%,74%,76%,83%
2207,Pendleton SD 16,Umatilla,Chris Fritsch,2909,6%,21,16%,>95%,14%,11,154,69,13,<1,0,77%,77%,74%,80%,83%
2192,Perrydale SD 21,Polk,Eric Milburn,283,*,2,11%,31%,13%,3,18,11,0,0,0,89%,85%,74%,95%,83%
1900,Philomath SD 17J,Benton,Susan Halliday,1508,<5%,9,10%,26%,22%,11,96,31,6,0,<1,84%,74%,74%,90%,83%
2039,Phoenix-Talent SD 4,Jackson,Brent Barry,2375,25%,10,16%,>95%,15%,13,129,49,2,<1,1,80%,87%,74%,85%,83%
2202,Pilot Rock SD 2,Umatilla,Tory Jerome,294,*,4,12%,56%,22%,3,17,7,0,0,0,94%,>95%,74%,88%,83%
2016,Pine Creek SD 5,Harney,Katie Tracy,5,*,1,*,*,*,0,1,0,0,0,0,100%,*,74%,*,83%
1897,Pine Eagle SD 61,Baker,Cammie deCastro,194,*,2,12%,56%,16%,1,18,6,0,0,0,65%,81%,74%,70%,83%
2047,Pinehurst SD 94,Jackson,Holly Amann,17,*,2,*,*,*,0,2,1,0,0,0,100%,*,74%,100%,83%
2081,Pleasant Hill SD 1,Lane,Scott Linenberger,1000,<5%,4,16%,>95%,11%,6,52,15,2,0,1,83%,87%,74%,87%,83%
2062,Plush SD 18,Lake,Jack Thompson,11,*,2,*,*,*,0,1,0,0,0,0,100%,*,74%,67%,83%
1973,Port Orford-Langlois SD 2CJ,Curry,Steven Perkins,201,*,1,11%,69%,33%,2,17,5,0,0,0,71%,72%,74%,86%,83%
2180,Portland SD 1J,Multnomah,Guadalupe Guerrero,46564,15%,93,16%,54%,7%,183,2803,638,208,62,61,79%,86%,74%,84%,83%
1967,Powers SD 31,Coos,Matthew Shorb,126,*,1,20%,73%,11%,1,12,6,0,0,0,73%,82%,74%,80%,83%
2009,Prairie City SD 4,Grant,Casey Hallgarth,258,*,1,13%,>95%,43%,1,15,9,0,0,0,71%,>95%,74%,100%,83%
2045,Prospect SD 59,Jackson,Brian Purnell,207,*,1,15%,88%,24%,2,16,2,0,0,0,72%,50%,74%,78%,83%
1946,Rainier SD 13,Columbia,Joseph Hattrick,845,<5%,8,16%,41%,14%,5,50,21,2,0,<1,72%,63%,74%,88%,83%
1977,Redmond SD 2J,Deschutes,Charan Cline,6989,12%,26,13%,88%,17%,23,357,104,25,0,6,85%,74%,74%,88%,83%
2001,Reedsport SD 105,Douglas,Jon Zwemke,598,<5%,3,18%,86%,22%,3,32,19,0,0,0,73%,50%,74%,83%,83%
2182,Reynolds SD 7,Multnomah,Danna Diaz,10565,46%,85,16%,91%,9%,44,580,121,36,4,11,85%,47%,74%,66%,83%
1999,Riddle SD 70,Douglas,Dave Gianotti,388,*,2,20%,54%,14%,1,27,12,0,0,0,74%,61%,74%,75%,83%
2188,Riverdale SD 51J,Multnomah,Jeff Harding,590,*,9,10%,*,9%,3,39,0,1,2,0,80%,77%,74%,90%,83%
2044,Rogue River SD 35,Jackson,Patrick Lee,1088,*,2,16%,55%,15%,8,60,23,1,0,0,72%,51%,74%,74%,83%
2142,Salem-Keizer SD 24J,Marion,Christy Perry,38809,34%,92,18%,84%,11%,112,2042,1092,111,7,11,80%,70%,74%,81%,83%
2104,Santiam Canyon SD 129J,Linn,Todd Miller,4754,5%,28,16%,36%,27%,10,213,14,12,0,<1,80%,59%,74%,63%,83%
1944,Scappoose SD 1J,Columbia,Timothy Porter,2069,<5%,11,16%,24%,11%,12,123,39,7,0,2,80%,79%,74%,94%,83%
2103,Scio SD 95,Linn,Steve Martinelli,2547,<5%,11,12%,42%,29%,11,96,13,5,0,4,75%,81%,74%,79%,83%
1935,Seaside SD 10,Clatsop,Susan Penrod,1504,21%,13,16%,63%,14%,9,90,40,5,0,1,79%,36%,74%,80%,83%
2257,Sheridan SD 48J,Yamhill,Dorie Vickery,904,5%,5,14%,47%,18%,7,61,11,3,0,0,64%,51%,74%,73%,83%
2195,Sherman County SD,Sherman,Wes Owens,238,<5%,2,16%,43%,17%,2,19,6,0,0,0,89%,86%,74%,96%,83%
2244,Sherwood SD 88J,Washington,Heather Cordie,4814,7%,52,11%,13%,7%,17,249,87,14,0,4,88%,92%,74%,98%,83%
2138,Silver Falls SD 4J,Marion,Scott Drue,3551,12%,15,14%,92%,12%,15,204,91,10,3,2,85%,74%,74%,92%,83%
1978,Sisters SD 6,Deschutes,Curtiss Scholl,1149,5%,7,12%,28%,15%,6,66,16,4,0,1,90%,78%,74%,92%,83%
2096,Siuslaw SD 97J,Lane,Andy Grzeskowiak,1252,5%,8,15%,>95%,13%,8,84,37,4,1,0,71%,68%,74%,88%,83%
2022,South Harney SD 33,Harney,Stacey Moser,15,*,1,*,73%,*,0,2,<1,0,0,0,100%,*,74%,*,83%
2087,South Lane SD 45J3,Lane,Yvonne Curtis,2682,6%,9,20%,50%,14%,17,155,58,4,0,2,71%,75%,74%,79%,83%
1994,South Umpqua SD 19,Douglas,Kate McLaughlin,1398,<5%,3,21%,>95%,17%,8,90,44,2,0,0,67%,79%,74%,73%,83%
2225,South Wasco County SD 1,Wasco,Ryan Wraught,244,9%,3,16%,>95%,15%,1,17,6,0,0,0,83%,84%,74%,81%,83%
2247,Spray SD 1,Wheeler,Larry Johnson,56,*,2,*,>95%,22%,1,6,3,0,0,0,75%,>95%,74%,83%,83%
2083,Springfield SD 19,Lane,Todd Hamilton,9731,13%,38,18%,>95%,19%,43,528,273,11,2,11,86%,77%,74%,72%,83%
1948,St Helens SD 502,Columbia,Scot Stockwell,2638,<5%,30,17%,36%,11%,12,149,37,8,3,2,85%,61%,74%,72%,83%
2144,St Paul SD 45,Marion,Joseph Wehrli,245,31%,2,6%,>95%,7%,2,20,4,0,0,0,77%,>95%,74%,96%,83%
2209,Stanfield SD 61,Umatilla,Beth Burton,494,26%,5,15%,>95%,12%,3,30,12,1,0,0,78%,92%,74%,98%,83%
2018,Suntex SD 10,Harney,Shannon Criss,2,*,*,*,*,*,0,<1,<1,0,0,0,100%,*,74%,*,83%
2003,Sutherlin SD 130,Douglas,Terry Prestianni,1330,<5%,22,15%,60%,18%,7,76,31,5,0,0,79%,73%,74%,87%,83%
2102,Sweet Home SD 55,Linn,Tom Yahraes,2170,<5%,6,19%,94%,15%,12,123,62,8,0,2,71%,68%,74%,88%,83%
2055,Three Rivers/Josephine County SD,Josephine,David Valenzuela,4515,<5%,30,13%,>95%,20%,28,221,157,8,0,0,80%,67%,74%,84%,83%
2242,Tigard-Tualatin SD 23J,Washington,Susan Rieke-Smith,11687,23%,79,12%,27%,8%,30,653,127,25,1,12,87%,84%,74%,86%,83%
2197,Tillamook SD 9,Tillamook,Curt Shelley,2064,15%,8,17%,54%,12%,9,127,69,7,0,1,69%,67%,74%,86%,83%
2222,Troy SD 54,Wallowa,Karen Patton,3,*,1,*,*,*,<1,1,0,0,0,0,100%,*,74%,*,83%
2210,Ukiah SD 80R,Umatilla,Jim Reger,30,*,2,*,*,32%,<1,5,2,0,0,0,100%,*,74%,100%,83%
2204,Umatilla SD 6R,Umatilla,Heidi Sipe,1419,55%,5,10%,>95%,14%,7,77,30,3,0,0,68%,51%,74%,93%,83%
2213,Union SD 5,Union,Carter Wells,340,*,2,15%,86%,21%,2,23,10,0,0,0,77%,70%,74%,100%,83%
2116,Vale SD 84,Malheur,Alisha McBride,824,13%,7,14%,>95%,21%,5,58,26,2,0,0,92%,87%,74%,97%,83%
1947,Vernonia SD 47J,Columbia,Aaron Miller,548,*,8,19%,47%,16%,4,36,17,2,0,<1,67%,58%,74%,89%,83%
2220,Wallowa SD 12,Wallowa,Tamera Jones,179,*,2,17%,>95%,22%,2,17,<1,0,0,0,80%,82%,74%,83%,83%
1936,Warrenton-Hammond SD 30,Clatsop,Tom Rogozinski,944,8%,7,16%,85%,14%,6,52,25,3,0,1,87%,70%,74%,74%,83%
1922,West Linn-Wilsonville SD 3J,Clackamas,Kathy Ludwig,9224,8%,63,12%,14%,9%,35,525,106,25,2,7,85%,80%,74%,93%,83%
2255,Willamina SD 30J,Yamhill,Carrie Zimbrick,860,*,2,21%,95%,17%,5,49,20,0,0,0,76%,64%,74%,84%,83%
2002,Winston-Dillard SD 116,Douglas,Kevin Miller,1362,<5%,11,15%,>95%,25%,7,82,34,3,0,0,65%,55%,74%,80%,83%
2146,Woodburn SD 103,Marion,Juan Larios,5391,69%,24,15%,>95%,8%,21,304,106,14,5,4,75%,65%,74%,84%,83%
2251,Yamhill Carlton SD 1,Yamhill,Bill Rhoades,1020,<5%,6,13%,36%,17%,6,56,18,1,0,0,67%,85%,74%,80%,83%
1997,Yoncalla SD 32,Douglas,Brian Berry,259,*,2,14%,26%,22%,2,19,13,0,0,0,65%,78%,74%,70%,83%
